Copyright 1986-2022 Xilinx, Inc. All Rights Reserved. Copyright 2022-2024 Advanced Micro Devices, Inc. All Rights Reserved.
------------------------------------------------------------------------------------------------------------------------------------------------------------------------------------------------------
| Tool Version : Vivado v.2024.1 (win64) Build 5076996 Wed May 22 18:37:14 MDT 2024
| Date         : Mon Apr 27 11:32:20 2026
| Host         : LAPTOP-E67LTRBF running 64-bit major release  (build 9200)
| Command      : report_timing_summary -max_paths 10 -report_unconstrained -file top_timing_summary_routed.rpt -pb top_timing_summary_routed.pb -rpx top_timing_summary_routed.rpx -warn_on_violation
| Design       : top
| Device       : 7a100t-csg324
| Speed File   : -1  PRODUCTION 1.23 2018-06-13
| Design State : Routed
------------------------------------------------------------------------------------------------------------------------------------------------------------------------------------------------------

Timing Summary Report

------------------------------------------------------------------------------------------------
| Timer Settings
| --------------
------------------------------------------------------------------------------------------------

  Enable Multi Corner Analysis               :  Yes
  Enable Pessimism Removal                   :  Yes
  Pessimism Removal Resolution               :  Nearest Common Node
  Enable Input Delay Default Clock           :  No
  Enable Preset / Clear Arcs                 :  No
  Disable Flight Delays                      :  No
  Ignore I/O Paths                           :  No
  Timing Early Launch at Borrowing Latches   :  No
  Borrow Time for Max Delay Exceptions       :  Yes
  Merge Timing Exceptions                    :  Yes
  Inter-SLR Compensation                     :  Conservative

  Corner  Analyze    Analyze    
  Name    Max Paths  Min Paths  
  ------  ---------  ---------  
  Slow    Yes        Yes        
  Fast    Yes        Yes        


------------------------------------------------------------------------------------------------
| Report Methodology
| ------------------
------------------------------------------------------------------------------------------------

Rule       Severity  Description                                                Violations  
---------  --------  ---------------------------------------------------------  ----------  
SYNTH-5    Warning   Mapped onto distributed RAM because of timing constraints  56          
TIMING-18  Warning   Missing input or output delay                              15          

Note: This report is based on the most recent report_methodology run and may not be up-to-date. Run report_methodology on the current design for the latest report.



check_timing report

Table of Contents
-----------------
1. checking no_clock (0)
2. checking constant_clock (0)
3. checking pulse_width_clock (0)
4. checking unconstrained_internal_endpoints (0)
5. checking no_input_delay (1)
6. checking no_output_delay (14)
7. checking multiple_clock (0)
8. checking generated_clocks (0)
9. checking loops (0)
10. checking partial_input_delay (0)
11. checking partial_output_delay (0)
12. checking latch_loops (0)

1. checking no_clock (0)
------------------------
 There are 0 register/latch pins with no clock.


2. checking constant_clock (0)
------------------------------
 There are 0 register/latch pins with constant_clock.


3. checking pulse_width_clock (0)
---------------------------------
 There are 0 register/latch pins which need pulse_width check


4. checking unconstrained_internal_endpoints (0)
------------------------------------------------
 There are 0 pins that are not constrained for maximum delay.

 There are 0 pins that are not constrained for maximum delay due to constant clock.


5. checking no_input_delay (1)
------------------------------
 There is 1 input port with no input delay specified. (HIGH)

 There are 0 input ports with no input delay but user has a false path constraint.


6. checking no_output_delay (14)
--------------------------------
 There are 14 ports with no output delay specified. (HIGH)

 There are 0 ports with no output delay but user has a false path constraint

 There are 0 ports with no output delay but with a timing clock defined on it or propagating through it


7. checking multiple_clock (0)
------------------------------
 There are 0 register/latch pins with multiple clocks.


8. checking generated_clocks (0)
--------------------------------
 There are 0 generated clocks that are not connected to a clock source.


9. checking loops (0)
---------------------
 There are 0 combinational loops in the design.


10. checking partial_input_delay (0)
------------------------------------
 There are 0 input ports with partial input delay specified.


11. checking partial_output_delay (0)
-------------------------------------
 There are 0 ports with partial output delay specified.


12. checking latch_loops (0)
----------------------------
 There are 0 combinational latch loops in the design through latch input



------------------------------------------------------------------------------------------------
| Design Timing Summary
| ---------------------
------------------------------------------------------------------------------------------------

    WNS(ns)      TNS(ns)  TNS Failing Endpoints  TNS Total Endpoints      WHS(ns)      THS(ns)  THS Failing Endpoints  THS Total Endpoints     WPWS(ns)     TPWS(ns)  TPWS Failing Endpoints  TPWS Total Endpoints  
    -------      -------  ---------------------  -------------------      -------      -------  ---------------------  -------------------     --------     --------  ----------------------  --------------------  
     -0.534       -1.908                      4                 2411        0.061        0.000                      0                 2411        3.750        0.000                       0                   365  


Timing constraints are not met.


------------------------------------------------------------------------------------------------
| Clock Summary
| -------------
------------------------------------------------------------------------------------------------

Clock        Waveform(ns)       Period(ns)      Frequency(MHz)
-----        ------------       ----------      --------------
sys_clk_pin  {0.000 5.000}      10.000          100.000         


------------------------------------------------------------------------------------------------
| Intra Clock Table
| -----------------
------------------------------------------------------------------------------------------------

Clock             WNS(ns)      TNS(ns)  TNS Failing Endpoints  TNS Total Endpoints      WHS(ns)      THS(ns)  THS Failing Endpoints  THS Total Endpoints     WPWS(ns)     TPWS(ns)  TPWS Failing Endpoints  TPWS Total Endpoints  
-----             -------      -------  ---------------------  -------------------      -------      -------  ---------------------  -------------------     --------     --------  ----------------------  --------------------  
sys_clk_pin        -0.534       -1.908                      4                 2411        0.061        0.000                      0                 2411        3.750        0.000                       0                   365  


------------------------------------------------------------------------------------------------
| Inter Clock Table
| -----------------
------------------------------------------------------------------------------------------------

From Clock    To Clock          WNS(ns)      TNS(ns)  TNS Failing Endpoints  TNS Total Endpoints      WHS(ns)      THS(ns)  THS Failing Endpoints  THS Total Endpoints  
----------    --------          -------      -------  ---------------------  -------------------      -------      -------  ---------------------  -------------------  


------------------------------------------------------------------------------------------------
| Other Path Groups Table
| -----------------------
------------------------------------------------------------------------------------------------

Path Group    From Clock    To Clock          WNS(ns)      TNS(ns)  TNS Failing Endpoints  TNS Total Endpoints      WHS(ns)      THS(ns)  THS Failing Endpoints  THS Total Endpoints  
----------    ----------    --------          -------      -------  ---------------------  -------------------      -------      -------  ---------------------  -------------------  


------------------------------------------------------------------------------------------------
| User Ignored Path Table
| -----------------------
------------------------------------------------------------------------------------------------

Path Group    From Clock    To Clock    
----------    ----------    --------    


------------------------------------------------------------------------------------------------
| Unconstrained Path Table
| ------------------------
------------------------------------------------------------------------------------------------

Path Group    From Clock    To Clock    
----------    ----------    --------    
(none)        sys_clk_pin                 
(none)                      sys_clk_pin   


------------------------------------------------------------------------------------------------
| Timing Details
| --------------
------------------------------------------------------------------------------------------------


---------------------------------------------------------------------------------------------------
From Clock:  sys_clk_pin
  To Clock:  sys_clk_pin

Setup :            4  Failing Endpoints,  Worst Slack       -0.534ns,  Total Violation       -1.908ns
Hold  :            0  Failing Endpoints,  Worst Slack        0.061ns,  Total Violation        0.000ns
PW    :            0  Failing Endpoints,  Worst Slack        3.750ns,  Total Violation        0.000ns
---------------------------------------------------------------------------------------------------


Max Delay Paths
--------------------------------------------------------------------------------------
Slack (VIOLATED) :        -0.534ns  (required time - arrival time)
  Source:                 lb/line2_reg_1/CLKBWRCLK
                            (rising edge-triggered cell RAMB18E1 clocked by sys_clk_pin  {rise@0.000ns fall@5.000ns period=10.000ns})
  Destination:            sob/pixel_out_reg[5]/D
                            (rising edge-triggered cell FDRE clocked by sys_clk_pin  {rise@0.000ns fall@5.000ns period=10.000ns})
  Path Group:             sys_clk_pin
  Path Type:              Setup (Max at Slow Process Corner)
  Requirement:            10.000ns  (sys_clk_pin rise@10.000ns - sys_clk_pin rise@0.000ns)
  Data Path Delay:        10.444ns  (logic 5.706ns (54.637%)  route 4.738ns (45.363%))
  Logic Levels:           11  (CARRY4=5 LUT3=1 LUT4=1 LUT5=3 LUT6=1)
  Clock Path Skew:        -0.084ns (DCD - SCD + CPR)
    Destination Clock Delay (DCD):    4.917ns = ( 14.917 - 10.000 ) 
    Source Clock Delay      (SCD):    5.261ns
    Clock Pessimism Removal (CPR):    0.259ns
  Clock Uncertainty:      0.035ns  ((TSJ^2 + TIJ^2)^1/2 + DJ) / 2 + PE
    Total System Jitter     (TSJ):    0.071ns
    Total Input Jitter      (TIJ):    0.000ns
    Discrete Jitter          (DJ):    0.000ns
    Phase Error              (PE):    0.000ns

    Location             Delay type                Incr(ns)  Path(ns)    Netlist Resource(s)
  -------------------------------------------------------------------    -------------------
                         (clock sys_clk_pin rise edge)
                                                      0.000     0.000 r  
    E3                                                0.000     0.000 r  clk (IN)
                         net (fo=0)                   0.000     0.000    clk
    E3                   IBUF (Prop_ibuf_I_O)         1.482     1.482 r  clk_IBUF_inst/O
                         net (fo=1, routed)           2.025     3.506    clk_IBUF
    BUFGCTRL_X0Y16       BUFG (Prop_bufg_I_O)         0.096     3.602 r  clk_IBUF_BUFG_inst/O
                         net (fo=364, routed)         1.658     5.261    lb/clk_IBUF_BUFG
    RAMB18_X1Y43         RAMB18E1                                     r  lb/line2_reg_1/CLKBWRCLK
  -------------------------------------------------------------------    -------------------
    RAMB18_X1Y43         RAMB18E1 (Prop_ramb18e1_CLKBWRCLK_DOBDO[2])
                                                      2.454     7.715 r  lb/line2_reg_1/DOBDO[2]
                         net (fo=8, routed)           1.016     8.731    lb/p0[2]
    SLICE_X65Y105        LUT3 (Prop_lut3_I1_O)        0.124     8.855 r  lb/i___1_carry_i_1/O
                         net (fo=1, routed)           0.334     9.189    sob/pixel_out3_inferred__2/i___8_carry_0[3]
    SLICE_X64Y106        CARRY4 (Prop_carry4_DI[3]_CO[3])
                                                      0.385     9.574 r  sob/pixel_out4_inferred__0/i___1_carry/CO[3]
                         net (fo=1, routed)           0.000     9.574    sob/pixel_out4_inferred__0/i___1_carry_n_0
    SLICE_X64Y107        CARRY4 (Prop_carry4_CI_O[1])
                                                      0.334     9.908 r  sob/pixel_out4_inferred__0/i___1_carry__0/O[1]
                         net (fo=3, routed)           0.578    10.486    sob/pixel_out4[5]
    SLICE_X65Y106        LUT6 (Prop_lut6_I5_O)        0.303    10.789 r  sob/i___8_carry__0_i_5__0/O
                         net (fo=4, routed)           0.665    11.454    sob/line2_reg_1_0
    SLICE_X63Y106        LUT5 (Prop_lut5_I2_O)        0.124    11.578 r  sob/i___8_carry__1_i_3__0/O
                         net (fo=1, routed)           0.000    11.578    sob/i___8_carry__1_i_3__0_n_0
    SLICE_X63Y106        CARRY4 (Prop_carry4_S[0]_O[2])
                                                      0.547    12.125 r  sob/pixel_out3_inferred__2/i___8_carry__1/O[2]
                         net (fo=13, routed)          0.565    12.690    sob/pixel_out3[10]
    SLICE_X64Y105        LUT4 (Prop_lut4_I0_O)        0.302    12.992 r  sob/pixel_out0_carry_i_2/O
                         net (fo=2, routed)           0.611    13.604    sob/pixel_out10_in[2]
    SLICE_X62Y105        LUT5 (Prop_lut5_I0_O)        0.124    13.728 r  sob/pixel_out0_carry_i_5/O
                         net (fo=1, routed)           0.000    13.728    sob/pixel_out0_carry_i_5_n_0
    SLICE_X62Y105        CARRY4 (Prop_carry4_S[2]_CO[3])
                                                      0.380    14.108 r  sob/pixel_out0_carry/CO[3]
                         net (fo=1, routed)           0.000    14.108    sob/pixel_out0_carry_n_0
    SLICE_X62Y106        CARRY4 (Prop_carry4_CI_O[1])
                                                      0.323    14.431 r  sob/pixel_out0_carry__0/O[1]
                         net (fo=1, routed)           0.968    15.398    sob/pixel_out0_carry__0_n_6
    SLICE_X65Y108        LUT5 (Prop_lut5_I0_O)        0.306    15.704 r  sob/pixel_out[5]_i_1/O
                         net (fo=1, routed)           0.000    15.704    sob/pixel_out[5]_i_1_n_0
    SLICE_X65Y108        FDRE                                         r  sob/pixel_out_reg[5]/D
  -------------------------------------------------------------------    -------------------

                         (clock sys_clk_pin rise edge)
                                                     10.000    10.000 r  
    E3                                                0.000    10.000 r  clk (IN)
                         net (fo=0)                   0.000    10.000    clk
    E3                   IBUF (Prop_ibuf_I_O)         1.411    11.411 r  clk_IBUF_inst/O
                         net (fo=1, routed)           1.920    13.331    clk_IBUF
    BUFGCTRL_X0Y16       BUFG (Prop_bufg_I_O)         0.091    13.422 r  clk_IBUF_BUFG_inst/O
                         net (fo=364, routed)         1.495    14.917    sob/clk_IBUF_BUFG
    SLICE_X65Y108        FDRE                                         r  sob/pixel_out_reg[5]/C
                         clock pessimism              0.259    15.176    
                         clock uncertainty           -0.035    15.141    
    SLICE_X65Y108        FDRE (Setup_fdre_C_D)        0.029    15.170    sob/pixel_out_reg[5]
  -------------------------------------------------------------------
                         required time                         15.170    
                         arrival time                         -15.704    
  -------------------------------------------------------------------
                         slack                                 -0.534    

Slack (VIOLATED) :        -0.525ns  (required time - arrival time)
  Source:                 lb/line2_reg_1/CLKBWRCLK
                            (rising edge-triggered cell RAMB18E1 clocked by sys_clk_pin  {rise@0.000ns fall@5.000ns period=10.000ns})
  Destination:            sob/pixel_out_reg[6]/D
                            (rising edge-triggered cell FDRE clocked by sys_clk_pin  {rise@0.000ns fall@5.000ns period=10.000ns})
  Path Group:             sys_clk_pin
  Path Type:              Setup (Max at Slow Process Corner)
  Requirement:            10.000ns  (sys_clk_pin rise@10.000ns - sys_clk_pin rise@0.000ns)
  Data Path Delay:        10.437ns  (logic 5.201ns (49.835%)  route 5.236ns (50.165%))
  Logic Levels:           10  (CARRY4=4 LUT3=1 LUT4=1 LUT5=2 LUT6=2)
  Clock Path Skew:        -0.084ns (DCD - SCD + CPR)
    Destination Clock Delay (DCD):    4.917ns = ( 14.917 - 10.000 ) 
    Source Clock Delay      (SCD):    5.261ns
    Clock Pessimism Removal (CPR):    0.259ns
  Clock Uncertainty:      0.035ns  ((TSJ^2 + TIJ^2)^1/2 + DJ) / 2 + PE
    Total System Jitter     (TSJ):    0.071ns
    Total Input Jitter      (TIJ):    0.000ns
    Discrete Jitter          (DJ):    0.000ns
    Phase Error              (PE):    0.000ns

    Location             Delay type                Incr(ns)  Path(ns)    Netlist Resource(s)
  -------------------------------------------------------------------    -------------------
                         (clock sys_clk_pin rise edge)
                                                      0.000     0.000 r  
    E3                                                0.000     0.000 r  clk (IN)
                         net (fo=0)                   0.000     0.000    clk
    E3                   IBUF (Prop_ibuf_I_O)         1.482     1.482 r  clk_IBUF_inst/O
                         net (fo=1, routed)           2.025     3.506    clk_IBUF
    BUFGCTRL_X0Y16       BUFG (Prop_bufg_I_O)         0.096     3.602 r  clk_IBUF_BUFG_inst/O
                         net (fo=364, routed)         1.658     5.261    lb/clk_IBUF_BUFG
    RAMB18_X1Y43         RAMB18E1                                     r  lb/line2_reg_1/CLKBWRCLK
  -------------------------------------------------------------------    -------------------
    RAMB18_X1Y43         RAMB18E1 (Prop_ramb18e1_CLKBWRCLK_DOBDO[2])
                                                      2.454     7.715 r  lb/line2_reg_1/DOBDO[2]
                         net (fo=8, routed)           1.016     8.731    lb/p0[2]
    SLICE_X65Y105        LUT3 (Prop_lut3_I1_O)        0.124     8.855 r  lb/i___1_carry_i_1/O
                         net (fo=1, routed)           0.334     9.189    sob/pixel_out3_inferred__2/i___8_carry_0[3]
    SLICE_X64Y106        CARRY4 (Prop_carry4_DI[3]_CO[3])
                                                      0.385     9.574 r  sob/pixel_out4_inferred__0/i___1_carry/CO[3]
                         net (fo=1, routed)           0.000     9.574    sob/pixel_out4_inferred__0/i___1_carry_n_0
    SLICE_X64Y107        CARRY4 (Prop_carry4_CI_O[1])
                                                      0.334     9.908 r  sob/pixel_out4_inferred__0/i___1_carry__0/O[1]
                         net (fo=3, routed)           0.578    10.486    sob/pixel_out4[5]
    SLICE_X65Y106        LUT6 (Prop_lut6_I5_O)        0.303    10.789 r  sob/i___8_carry__0_i_5__0/O
                         net (fo=4, routed)           0.665    11.454    sob/line2_reg_1_0
    SLICE_X63Y106        LUT5 (Prop_lut5_I2_O)        0.124    11.578 r  sob/i___8_carry__1_i_3__0/O
                         net (fo=1, routed)           0.000    11.578    sob/i___8_carry__1_i_3__0_n_0
    SLICE_X63Y106        CARRY4 (Prop_carry4_S[0]_O[2])
                                                      0.547    12.125 r  sob/pixel_out3_inferred__2/i___8_carry__1/O[2]
                         net (fo=13, routed)          0.943    13.068    sob/pixel_out3[10]
    SLICE_X67Y106        LUT6 (Prop_lut6_I1_O)        0.302    13.370 r  sob/pixel_out0_carry__1_i_1/O
                         net (fo=2, routed)           0.593    13.963    sob/pixel_out10_in[10]
    SLICE_X62Y107        LUT4 (Prop_lut4_I0_O)        0.124    14.087 r  sob/pixel_out0_carry__1_i_4/O
                         net (fo=1, routed)           0.000    14.087    sob/pixel_out0_carry__1_i_4_n_0
    SLICE_X62Y107        CARRY4 (Prop_carry4_S[2]_CO[3])
                                                      0.380    14.467 r  sob/pixel_out0_carry__1/CO[3]
                         net (fo=4, routed)           1.107    15.573    sob/pixel_out0_carry__1_n_0
    SLICE_X65Y107        LUT5 (Prop_lut5_I2_O)        0.124    15.697 r  sob/pixel_out[6]_i_1/O
                         net (fo=1, routed)           0.000    15.697    sob/pixel_out[6]_i_1_n_0
    SLICE_X65Y107        FDRE                                         r  sob/pixel_out_reg[6]/D
  -------------------------------------------------------------------    -------------------

                         (clock sys_clk_pin rise edge)
                                                     10.000    10.000 r  
    E3                                                0.000    10.000 r  clk (IN)
                         net (fo=0)                   0.000    10.000    clk
    E3                   IBUF (Prop_ibuf_I_O)         1.411    11.411 r  clk_IBUF_inst/O
                         net (fo=1, routed)           1.920    13.331    clk_IBUF
    BUFGCTRL_X0Y16       BUFG (Prop_bufg_I_O)         0.091    13.422 r  clk_IBUF_BUFG_inst/O
                         net (fo=364, routed)         1.495    14.917    sob/clk_IBUF_BUFG
    SLICE_X65Y107        FDRE                                         r  sob/pixel_out_reg[6]/C
                         clock pessimism              0.259    15.176    
                         clock uncertainty           -0.035    15.141    
    SLICE_X65Y107        FDRE (Setup_fdre_C_D)        0.031    15.172    sob/pixel_out_reg[6]
  -------------------------------------------------------------------
                         required time                         15.172    
                         arrival time                         -15.697    
  -------------------------------------------------------------------
                         slack                                 -0.525    

Slack (VIOLATED) :        -0.507ns  (required time - arrival time)
  Source:                 lb/line2_reg_1/CLKBWRCLK
                            (rising edge-triggered cell RAMB18E1 clocked by sys_clk_pin  {rise@0.000ns fall@5.000ns period=10.000ns})
  Destination:            sob/pixel_out_reg[7]/D
                            (rising edge-triggered cell FDRE clocked by sys_clk_pin  {rise@0.000ns fall@5.000ns period=10.000ns})
  Path Group:             sys_clk_pin
  Path Type:              Setup (Max at Slow Process Corner)
  Requirement:            10.000ns  (sys_clk_pin rise@10.000ns - sys_clk_pin rise@0.000ns)
  Data Path Delay:        10.419ns  (logic 5.699ns (54.700%)  route 4.720ns (45.300%))
  Logic Levels:           11  (CARRY4=5 LUT3=1 LUT4=1 LUT5=3 LUT6=1)
  Clock Path Skew:        -0.083ns (DCD - SCD + CPR)
    Destination Clock Delay (DCD):    4.918ns = ( 14.918 - 10.000 ) 
    Source Clock Delay      (SCD):    5.261ns
    Clock Pessimism Removal (CPR):    0.259ns
  Clock Uncertainty:      0.035ns  ((TSJ^2 + TIJ^2)^1/2 + DJ) / 2 + PE
    Total System Jitter     (TSJ):    0.071ns
    Total Input Jitter      (TIJ):    0.000ns
    Discrete Jitter          (DJ):    0.000ns
    Phase Error              (PE):    0.000ns

    Location             Delay type                Incr(ns)  Path(ns)    Netlist Resource(s)
  -------------------------------------------------------------------    -------------------
                         (clock sys_clk_pin rise edge)
                                                      0.000     0.000 r  
    E3                                                0.000     0.000 r  clk (IN)
                         net (fo=0)                   0.000     0.000    clk
    E3                   IBUF (Prop_ibuf_I_O)         1.482     1.482 r  clk_IBUF_inst/O
                         net (fo=1, routed)           2.025     3.506    clk_IBUF
    BUFGCTRL_X0Y16       BUFG (Prop_bufg_I_O)         0.096     3.602 r  clk_IBUF_BUFG_inst/O
                         net (fo=364, routed)         1.658     5.261    lb/clk_IBUF_BUFG
    RAMB18_X1Y43         RAMB18E1                                     r  lb/line2_reg_1/CLKBWRCLK
  -------------------------------------------------------------------    -------------------
    RAMB18_X1Y43         RAMB18E1 (Prop_ramb18e1_CLKBWRCLK_DOBDO[2])
                                                      2.454     7.715 r  lb/line2_reg_1/DOBDO[2]
                         net (fo=8, routed)           1.016     8.731    lb/p0[2]
    SLICE_X65Y105        LUT3 (Prop_lut3_I1_O)        0.124     8.855 r  lb/i___1_carry_i_1/O
                         net (fo=1, routed)           0.334     9.189    sob/pixel_out3_inferred__2/i___8_carry_0[3]
    SLICE_X64Y106        CARRY4 (Prop_carry4_DI[3]_CO[3])
                                                      0.385     9.574 r  sob/pixel_out4_inferred__0/i___1_carry/CO[3]
                         net (fo=1, routed)           0.000     9.574    sob/pixel_out4_inferred__0/i___1_carry_n_0
    SLICE_X64Y107        CARRY4 (Prop_carry4_CI_O[1])
                                                      0.334     9.908 r  sob/pixel_out4_inferred__0/i___1_carry__0/O[1]
                         net (fo=3, routed)           0.578    10.486    sob/pixel_out4[5]
    SLICE_X65Y106        LUT6 (Prop_lut6_I5_O)        0.303    10.789 r  sob/i___8_carry__0_i_5__0/O
                         net (fo=4, routed)           0.665    11.454    sob/line2_reg_1_0
    SLICE_X63Y106        LUT5 (Prop_lut5_I2_O)        0.124    11.578 r  sob/i___8_carry__1_i_3__0/O
                         net (fo=1, routed)           0.000    11.578    sob/i___8_carry__1_i_3__0_n_0
    SLICE_X63Y106        CARRY4 (Prop_carry4_S[0]_O[2])
                                                      0.547    12.125 r  sob/pixel_out3_inferred__2/i___8_carry__1/O[2]
                         net (fo=13, routed)          0.565    12.690    sob/pixel_out3[10]
    SLICE_X64Y105        LUT4 (Prop_lut4_I0_O)        0.302    12.992 r  sob/pixel_out0_carry_i_2/O
                         net (fo=2, routed)           0.611    13.604    sob/pixel_out10_in[2]
    SLICE_X62Y105        LUT5 (Prop_lut5_I0_O)        0.124    13.728 r  sob/pixel_out0_carry_i_5/O
                         net (fo=1, routed)           0.000    13.728    sob/pixel_out0_carry_i_5_n_0
    SLICE_X62Y105        CARRY4 (Prop_carry4_S[2]_CO[3])
                                                      0.380    14.108 r  sob/pixel_out0_carry/CO[3]
                         net (fo=1, routed)           0.000    14.108    sob/pixel_out0_carry_n_0
    SLICE_X62Y106        CARRY4 (Prop_carry4_CI_O[3])
                                                      0.315    14.423 r  sob/pixel_out0_carry__0/O[3]
                         net (fo=1, routed)           0.950    15.372    sob/pixel_out0_carry__0_n_4
    SLICE_X65Y105        LUT5 (Prop_lut5_I0_O)        0.307    15.679 r  sob/pixel_out[7]_i_1/O
                         net (fo=1, routed)           0.000    15.679    sob/pixel_out[7]_i_1_n_0
    SLICE_X65Y105        FDRE                                         r  sob/pixel_out_reg[7]/D
  -------------------------------------------------------------------    -------------------

                         (clock sys_clk_pin rise edge)
                                                     10.000    10.000 r  
    E3                                                0.000    10.000 r  clk (IN)
                         net (fo=0)                   0.000    10.000    clk
    E3                   IBUF (Prop_ibuf_I_O)         1.411    11.411 r  clk_IBUF_inst/O
                         net (fo=1, routed)           1.920    13.331    clk_IBUF
    BUFGCTRL_X0Y16       BUFG (Prop_bufg_I_O)         0.091    13.422 r  clk_IBUF_BUFG_inst/O
                         net (fo=364, routed)         1.496    14.918    sob/clk_IBUF_BUFG
    SLICE_X65Y105        FDRE                                         r  sob/pixel_out_reg[7]/C
                         clock pessimism              0.259    15.177    
                         clock uncertainty           -0.035    15.142    
    SLICE_X65Y105        FDRE (Setup_fdre_C_D)        0.031    15.173    sob/pixel_out_reg[7]
  -------------------------------------------------------------------
                         required time                         15.173    
                         arrival time                         -15.679    
  -------------------------------------------------------------------
                         slack                                 -0.507    

Slack (VIOLATED) :        -0.341ns  (required time - arrival time)
  Source:                 lb/line2_reg_1/CLKBWRCLK
                            (rising edge-triggered cell RAMB18E1 clocked by sys_clk_pin  {rise@0.000ns fall@5.000ns period=10.000ns})
  Destination:            sob/pixel_out_reg[4]/D
                            (rising edge-triggered cell FDRE clocked by sys_clk_pin  {rise@0.000ns fall@5.000ns period=10.000ns})
  Path Group:             sys_clk_pin
  Path Type:              Setup (Max at Slow Process Corner)
  Requirement:            10.000ns  (sys_clk_pin rise@10.000ns - sys_clk_pin rise@0.000ns)
  Data Path Delay:        10.253ns  (logic 5.201ns (50.724%)  route 5.052ns (49.276%))
  Logic Levels:           10  (CARRY4=4 LUT3=1 LUT4=1 LUT5=2 LUT6=2)
  Clock Path Skew:        -0.084ns (DCD - SCD + CPR)
    Destination Clock Delay (DCD):    4.917ns = ( 14.917 - 10.000 ) 
    Source Clock Delay      (SCD):    5.261ns
    Clock Pessimism Removal (CPR):    0.259ns
  Clock Uncertainty:      0.035ns  ((TSJ^2 + TIJ^2)^1/2 + DJ) / 2 + PE
    Total System Jitter     (TSJ):    0.071ns
    Total Input Jitter      (TIJ):    0.000ns
    Discrete Jitter          (DJ):    0.000ns
    Phase Error              (PE):    0.000ns

    Location             Delay type                Incr(ns)  Path(ns)    Netlist Resource(s)
  -------------------------------------------------------------------    -------------------
                         (clock sys_clk_pin rise edge)
                                                      0.000     0.000 r  
    E3                                                0.000     0.000 r  clk (IN)
                         net (fo=0)                   0.000     0.000    clk
    E3                   IBUF (Prop_ibuf_I_O)         1.482     1.482 r  clk_IBUF_inst/O
                         net (fo=1, routed)           2.025     3.506    clk_IBUF
    BUFGCTRL_X0Y16       BUFG (Prop_bufg_I_O)         0.096     3.602 r  clk_IBUF_BUFG_inst/O
                         net (fo=364, routed)         1.658     5.261    lb/clk_IBUF_BUFG
    RAMB18_X1Y43         RAMB18E1                                     r  lb/line2_reg_1/CLKBWRCLK
  -------------------------------------------------------------------    -------------------
    RAMB18_X1Y43         RAMB18E1 (Prop_ramb18e1_CLKBWRCLK_DOBDO[2])
                                                      2.454     7.715 r  lb/line2_reg_1/DOBDO[2]
                         net (fo=8, routed)           1.016     8.731    lb/p0[2]
    SLICE_X65Y105        LUT3 (Prop_lut3_I1_O)        0.124     8.855 r  lb/i___1_carry_i_1/O
                         net (fo=1, routed)           0.334     9.189    sob/pixel_out3_inferred__2/i___8_carry_0[3]
    SLICE_X64Y106        CARRY4 (Prop_carry4_DI[3]_CO[3])
                                                      0.385     9.574 r  sob/pixel_out4_inferred__0/i___1_carry/CO[3]
                         net (fo=1, routed)           0.000     9.574    sob/pixel_out4_inferred__0/i___1_carry_n_0
    SLICE_X64Y107        CARRY4 (Prop_carry4_CI_O[1])
                                                      0.334     9.908 r  sob/pixel_out4_inferred__0/i___1_carry__0/O[1]
                         net (fo=3, routed)           0.578    10.486    sob/pixel_out4[5]
    SLICE_X65Y106        LUT6 (Prop_lut6_I5_O)        0.303    10.789 r  sob/i___8_carry__0_i_5__0/O
                         net (fo=4, routed)           0.665    11.454    sob/line2_reg_1_0
    SLICE_X63Y106        LUT5 (Prop_lut5_I2_O)        0.124    11.578 r  sob/i___8_carry__1_i_3__0/O
                         net (fo=1, routed)           0.000    11.578    sob/i___8_carry__1_i_3__0_n_0
    SLICE_X63Y106        CARRY4 (Prop_carry4_S[0]_O[2])
                                                      0.547    12.125 r  sob/pixel_out3_inferred__2/i___8_carry__1/O[2]
                         net (fo=13, routed)          0.943    13.068    sob/pixel_out3[10]
    SLICE_X67Y106        LUT6 (Prop_lut6_I1_O)        0.302    13.370 r  sob/pixel_out0_carry__1_i_1/O
                         net (fo=2, routed)           0.593    13.963    sob/pixel_out10_in[10]
    SLICE_X62Y107        LUT4 (Prop_lut4_I0_O)        0.124    14.087 r  sob/pixel_out0_carry__1_i_4/O
                         net (fo=1, routed)           0.000    14.087    sob/pixel_out0_carry__1_i_4_n_0
    SLICE_X62Y107        CARRY4 (Prop_carry4_S[2]_CO[3])
                                                      0.380    14.467 r  sob/pixel_out0_carry__1/CO[3]
                         net (fo=4, routed)           0.923    15.390    sob/pixel_out0_carry__1_n_0
    SLICE_X65Y107        LUT5 (Prop_lut5_I2_O)        0.124    15.514 r  sob/pixel_out[4]_i_1/O
                         net (fo=1, routed)           0.000    15.514    sob/pixel_out[4]_i_1_n_0
    SLICE_X65Y107        FDRE                                         r  sob/pixel_out_reg[4]/D
  -------------------------------------------------------------------    -------------------

                         (clock sys_clk_pin rise edge)
                                                     10.000    10.000 r  
    E3                                                0.000    10.000 r  clk (IN)
                         net (fo=0)                   0.000    10.000    clk
    E3                   IBUF (Prop_ibuf_I_O)         1.411    11.411 r  clk_IBUF_inst/O
                         net (fo=1, routed)           1.920    13.331    clk_IBUF
    BUFGCTRL_X0Y16       BUFG (Prop_bufg_I_O)         0.091    13.422 r  clk_IBUF_BUFG_inst/O
                         net (fo=364, routed)         1.495    14.917    sob/clk_IBUF_BUFG
    SLICE_X65Y107        FDRE                                         r  sob/pixel_out_reg[4]/C
                         clock pessimism              0.259    15.176    
                         clock uncertainty           -0.035    15.141    
    SLICE_X65Y107        FDRE (Setup_fdre_C_D)        0.032    15.173    sob/pixel_out_reg[4]
  -------------------------------------------------------------------
                         required time                         15.173    
                         arrival time                         -15.514    
  -------------------------------------------------------------------
                         slack                                 -0.341    

Slack (MET) :             2.562ns  (required time - arrival time)
  Source:                 lb/col_reg[0]/C
                            (rising edge-triggered cell FDRE clocked by sys_clk_pin  {rise@0.000ns fall@5.000ns period=10.000ns})
  Destination:            lb/p6_reg[3]/D
                            (rising edge-triggered cell FDRE clocked by sys_clk_pin  {rise@0.000ns fall@5.000ns period=10.000ns})
  Path Group:             sys_clk_pin
  Path Type:              Setup (Max at Slow Process Corner)
  Requirement:            10.000ns  (sys_clk_pin rise@10.000ns - sys_clk_pin rise@0.000ns)
  Data Path Delay:        7.404ns  (logic 1.443ns (19.489%)  route 5.961ns (80.511%))
  Logic Levels:           4  (LUT1=1 LUT5=1 MUXF7=1 RAMD64E=1)
  Clock Path Skew:        -0.028ns (DCD - SCD + CPR)
    Destination Clock Delay (DCD):    4.915ns = ( 14.915 - 10.000 ) 
    Source Clock Delay      (SCD):    5.219ns
    Clock Pessimism Removal (CPR):    0.276ns
  Clock Uncertainty:      0.035ns  ((TSJ^2 + TIJ^2)^1/2 + DJ) / 2 + PE
    Total System Jitter     (TSJ):    0.071ns
    Total Input Jitter      (TIJ):    0.000ns
    Discrete Jitter          (DJ):    0.000ns
    Phase Error              (PE):    0.000ns

    Location             Delay type                Incr(ns)  Path(ns)    Netlist Resource(s)
  -------------------------------------------------------------------    -------------------
                         (clock sys_clk_pin rise edge)
                                                      0.000     0.000 r  
    E3                                                0.000     0.000 r  clk (IN)
                         net (fo=0)                   0.000     0.000    clk
    E3                   IBUF (Prop_ibuf_I_O)         1.482     1.482 r  clk_IBUF_inst/O
                         net (fo=1, routed)           2.025     3.506    clk_IBUF
    BUFGCTRL_X0Y16       BUFG (Prop_bufg_I_O)         0.096     3.602 r  clk_IBUF_BUFG_inst/O
                         net (fo=364, routed)         1.617     5.219    lb/clk_IBUF_BUFG
    SLICE_X67Y104        FDRE                                         r  lb/col_reg[0]/C
  -------------------------------------------------------------------    -------------------
    SLICE_X67Y104        FDRE (Prop_fdre_C_Q)         0.456     5.675 f  lb/col_reg[0]/Q
                         net (fo=351, routed)         1.809     7.484    lb/col[0]
    SLICE_X57Y102        LUT1 (Prop_lut1_I0_O)        0.150     7.634 r  lb/col[0]_i_1/O
                         net (fo=139, routed)         3.300    10.934    lb/line0_reg_0_127_3_3/DPRA0
    SLICE_X62Y113        RAMD64E (Prop_ramd64e_RADR0_O)
                                                      0.326    11.260 r  lb/line0_reg_0_127_3_3/DP.HIGH/O
                         net (fo=1, routed)           0.000    11.260    lb/line0_reg_0_127_3_3/DPO1
    SLICE_X62Y113        MUXF7 (Prop_muxf7_I1_O)      0.214    11.474 r  lb/line0_reg_0_127_3_3/F7.DP/O
                         net (fo=1, routed)           0.852    12.326    lb/line0_reg_0_127_3_3_n_0
    SLICE_X64Y111        LUT5 (Prop_lut5_I3_O)        0.297    12.623 r  lb/p6[3]_i_1/O
                         net (fo=1, routed)           0.000    12.623    lb/p60[3]
    SLICE_X64Y111        FDRE                                         r  lb/p6_reg[3]/D
  -------------------------------------------------------------------    -------------------

                         (clock sys_clk_pin rise edge)
                                                     10.000    10.000 r  
    E3                                                0.000    10.000 r  clk (IN)
                         net (fo=0)                   0.000    10.000    clk
    E3                   IBUF (Prop_ibuf_I_O)         1.411    11.411 r  clk_IBUF_inst/O
                         net (fo=1, routed)           1.920    13.331    clk_IBUF
    BUFGCTRL_X0Y16       BUFG (Prop_bufg_I_O)         0.091    13.422 r  clk_IBUF_BUFG_inst/O
                         net (fo=364, routed)         1.493    14.915    lb/clk_IBUF_BUFG
    SLICE_X64Y111        FDRE                                         r  lb/p6_reg[3]/C
                         clock pessimism              0.276    15.191    
                         clock uncertainty           -0.035    15.156    
    SLICE_X64Y111        FDRE (Setup_fdre_C_D)        0.029    15.185    lb/p6_reg[3]
  -------------------------------------------------------------------
                         required time                         15.185    
                         arrival time                         -12.623    
  -------------------------------------------------------------------
                         slack                                  2.562    

Slack (MET) :             2.746ns  (required time - arrival time)
  Source:                 lb/col_reg[3]/C
                            (rising edge-triggered cell FDRE clocked by sys_clk_pin  {rise@0.000ns fall@5.000ns period=10.000ns})
  Destination:            lb/p6_reg[5]/D
                            (rising edge-triggered cell FDRE clocked by sys_clk_pin  {rise@0.000ns fall@5.000ns period=10.000ns})
  Path Group:             sys_clk_pin
  Path Type:              Setup (Max at Slow Process Corner)
  Requirement:            10.000ns  (sys_clk_pin rise@10.000ns - sys_clk_pin rise@0.000ns)
  Data Path Delay:        7.245ns  (logic 1.440ns (19.875%)  route 5.805ns (80.125%))
  Logic Levels:           4  (LUT5=2 MUXF7=1 RAMD64E=1)
  Clock Path Skew:        -0.051ns (DCD - SCD + CPR)
    Destination Clock Delay (DCD):    4.909ns = ( 14.909 - 10.000 ) 
    Source Clock Delay      (SCD):    5.219ns
    Clock Pessimism Removal (CPR):    0.259ns
  Clock Uncertainty:      0.035ns  ((TSJ^2 + TIJ^2)^1/2 + DJ) / 2 + PE
    Total System Jitter     (TSJ):    0.071ns
    Total Input Jitter      (TIJ):    0.000ns
    Discrete Jitter          (DJ):    0.000ns
    Phase Error              (PE):    0.000ns

    Location             Delay type                Incr(ns)  Path(ns)    Netlist Resource(s)
  -------------------------------------------------------------------    -------------------
                         (clock sys_clk_pin rise edge)
                                                      0.000     0.000 r  
    E3                                                0.000     0.000 r  clk (IN)
                         net (fo=0)                   0.000     0.000    clk
    E3                   IBUF (Prop_ibuf_I_O)         1.482     1.482 r  clk_IBUF_inst/O
                         net (fo=1, routed)           2.025     3.506    clk_IBUF
    BUFGCTRL_X0Y16       BUFG (Prop_bufg_I_O)         0.096     3.602 r  clk_IBUF_BUFG_inst/O
                         net (fo=364, routed)         1.617     5.219    lb/clk_IBUF_BUFG
    SLICE_X63Y101        FDRE                                         r  lb/col_reg[3]/C
  -------------------------------------------------------------------    -------------------
    SLICE_X63Y101        FDRE (Prop_fdre_C_Q)         0.456     5.675 r  lb/col_reg[3]/Q
                         net (fo=326, routed)         2.927     8.602    lb/col[3]
    SLICE_X63Y113        LUT5 (Prop_lut5_I3_O)        0.152     8.754 r  lb/line0_reg_0_127_0_0_i_4/O
                         net (fo=65, routed)          2.051    10.805    lb/line0_reg_0_127_5_5/DPRA4
    SLICE_X56Y105        RAMD64E (Prop_ramd64e_RADR4_O)
                                                      0.326    11.131 r  lb/line0_reg_0_127_5_5/DP.LOW/O
                         net (fo=1, routed)           0.000    11.131    lb/line0_reg_0_127_5_5/DPO0
    SLICE_X56Y105        MUXF7 (Prop_muxf7_I0_O)      0.209    11.340 r  lb/line0_reg_0_127_5_5/F7.DP/O
                         net (fo=1, routed)           0.828    12.167    lb/line0_reg_0_127_5_5_n_0
    SLICE_X54Y107        LUT5 (Prop_lut5_I3_O)        0.297    12.464 r  lb/p6[5]_i_1/O
                         net (fo=1, routed)           0.000    12.464    lb/p60[5]
    SLICE_X54Y107        FDRE                                         r  lb/p6_reg[5]/D
  -------------------------------------------------------------------    -------------------

                         (clock sys_clk_pin rise edge)
                                                     10.000    10.000 r  
    E3                                                0.000    10.000 r  clk (IN)
                         net (fo=0)                   0.000    10.000    clk
    E3                   IBUF (Prop_ibuf_I_O)         1.411    11.411 r  clk_IBUF_inst/O
                         net (fo=1, routed)           1.920    13.331    clk_IBUF
    BUFGCTRL_X0Y16       BUFG (Prop_bufg_I_O)         0.091    13.422 r  clk_IBUF_BUFG_inst/O
                         net (fo=364, routed)         1.487    14.909    lb/clk_IBUF_BUFG
    SLICE_X54Y107        FDRE                                         r  lb/p6_reg[5]/C
                         clock pessimism              0.259    15.168    
                         clock uncertainty           -0.035    15.133    
    SLICE_X54Y107        FDRE (Setup_fdre_C_D)        0.077    15.210    lb/p6_reg[5]
  -------------------------------------------------------------------
                         required time                         15.210    
                         arrival time                         -12.464    
  -------------------------------------------------------------------
                         slack                                  2.746    

Slack (MET) :             2.765ns  (required time - arrival time)
  Source:                 lb/col_reg[3]/C
                            (rising edge-triggered cell FDRE clocked by sys_clk_pin  {rise@0.000ns fall@5.000ns period=10.000ns})
  Destination:            lb/p6_reg[1]/D
                            (rising edge-triggered cell FDRE clocked by sys_clk_pin  {rise@0.000ns fall@5.000ns period=10.000ns})
  Path Group:             sys_clk_pin
  Path Type:              Setup (Max at Slow Process Corner)
  Requirement:            10.000ns  (sys_clk_pin rise@10.000ns - sys_clk_pin rise@0.000ns)
  Data Path Delay:        7.184ns  (logic 1.440ns (20.046%)  route 5.744ns (79.954%))
  Logic Levels:           4  (LUT5=2 MUXF7=1 RAMD64E=1)
  Clock Path Skew:        -0.045ns (DCD - SCD + CPR)
    Destination Clock Delay (DCD):    4.915ns = ( 14.915 - 10.000 ) 
    Source Clock Delay      (SCD):    5.219ns
    Clock Pessimism Removal (CPR):    0.259ns
  Clock Uncertainty:      0.035ns  ((TSJ^2 + TIJ^2)^1/2 + DJ) / 2 + PE
    Total System Jitter     (TSJ):    0.071ns
    Total Input Jitter      (TIJ):    0.000ns
    Discrete Jitter          (DJ):    0.000ns
    Phase Error              (PE):    0.000ns

    Location             Delay type                Incr(ns)  Path(ns)    Netlist Resource(s)
  -------------------------------------------------------------------    -------------------
                         (clock sys_clk_pin rise edge)
                                                      0.000     0.000 r  
    E3                                                0.000     0.000 r  clk (IN)
                         net (fo=0)                   0.000     0.000    clk
    E3                   IBUF (Prop_ibuf_I_O)         1.482     1.482 r  clk_IBUF_inst/O
                         net (fo=1, routed)           2.025     3.506    clk_IBUF
    BUFGCTRL_X0Y16       BUFG (Prop_bufg_I_O)         0.096     3.602 r  clk_IBUF_BUFG_inst/O
                         net (fo=364, routed)         1.617     5.219    lb/clk_IBUF_BUFG
    SLICE_X63Y101        FDRE                                         r  lb/col_reg[3]/C
  -------------------------------------------------------------------    -------------------
    SLICE_X63Y101        FDRE (Prop_fdre_C_Q)         0.456     5.675 r  lb/col_reg[3]/Q
                         net (fo=326, routed)         2.927     8.602    lb/col[3]
    SLICE_X63Y113        LUT5 (Prop_lut5_I3_O)        0.152     8.754 r  lb/line0_reg_0_127_0_0_i_4/O
                         net (fo=65, routed)          2.170    10.924    lb/line0_reg_0_127_1_1/DPRA4
    SLICE_X60Y103        RAMD64E (Prop_ramd64e_RADR4_O)
                                                      0.326    11.250 r  lb/line0_reg_0_127_1_1/DP.LOW/O
                         net (fo=1, routed)           0.000    11.250    lb/line0_reg_0_127_1_1/DPO0
    SLICE_X60Y103        MUXF7 (Prop_muxf7_I0_O)      0.209    11.459 r  lb/line0_reg_0_127_1_1/F7.DP/O
                         net (fo=1, routed)           0.647    12.106    lb/line0_reg_0_127_1_1_n_0
    SLICE_X61Y103        LUT5 (Prop_lut5_I3_O)        0.297    12.403 r  lb/p6[1]_i_1/O
                         net (fo=1, routed)           0.000    12.403    lb/p60[1]
    SLICE_X61Y103        FDRE                                         r  lb/p6_reg[1]/D
  -------------------------------------------------------------------    -------------------

                         (clock sys_clk_pin rise edge)
                                                     10.000    10.000 r  
    E3                                                0.000    10.000 r  clk (IN)
                         net (fo=0)                   0.000    10.000    clk
    E3                   IBUF (Prop_ibuf_I_O)         1.411    11.411 r  clk_IBUF_inst/O
                         net (fo=1, routed)           1.920    13.331    clk_IBUF
    BUFGCTRL_X0Y16       BUFG (Prop_bufg_I_O)         0.091    13.422 r  clk_IBUF_BUFG_inst/O
                         net (fo=364, routed)         1.493    14.915    lb/clk_IBUF_BUFG
    SLICE_X61Y103        FDRE                                         r  lb/p6_reg[1]/C
                         clock pessimism              0.259    15.174    
                         clock uncertainty           -0.035    15.139    
    SLICE_X61Y103        FDRE (Setup_fdre_C_D)        0.029    15.168    lb/p6_reg[1]
  -------------------------------------------------------------------
                         required time                         15.168    
                         arrival time                         -12.403    
  -------------------------------------------------------------------
                         slack                                  2.765    

Slack (MET) :             2.809ns  (required time - arrival time)
  Source:                 lb/col_reg[2]/C
                            (rising edge-triggered cell FDRE clocked by sys_clk_pin  {rise@0.000ns fall@5.000ns period=10.000ns})
  Destination:            lb/p6_reg[6]/D
                            (rising edge-triggered cell FDRE clocked by sys_clk_pin  {rise@0.000ns fall@5.000ns period=10.000ns})
  Path Group:             sys_clk_pin
  Path Type:              Setup (Max at Slow Process Corner)
  Requirement:            10.000ns  (sys_clk_pin rise@10.000ns - sys_clk_pin rise@0.000ns)
  Data Path Delay:        7.143ns  (logic 1.445ns (20.229%)  route 5.698ns (79.771%))
  Logic Levels:           4  (LUT3=1 LUT5=1 MUXF7=1 RAMD64E=1)
  Clock Path Skew:        -0.043ns (DCD - SCD + CPR)
    Destination Clock Delay (DCD):    4.917ns = ( 14.917 - 10.000 ) 
    Source Clock Delay      (SCD):    5.219ns
    Clock Pessimism Removal (CPR):    0.259ns
  Clock Uncertainty:      0.035ns  ((TSJ^2 + TIJ^2)^1/2 + DJ) / 2 + PE
    Total System Jitter     (TSJ):    0.071ns
    Total Input Jitter      (TIJ):    0.000ns
    Discrete Jitter          (DJ):    0.000ns
    Phase Error              (PE):    0.000ns

    Location             Delay type                Incr(ns)  Path(ns)    Netlist Resource(s)
  -------------------------------------------------------------------    -------------------
                         (clock sys_clk_pin rise edge)
                                                      0.000     0.000 r  
    E3                                                0.000     0.000 r  clk (IN)
                         net (fo=0)                   0.000     0.000    clk
    E3                   IBUF (Prop_ibuf_I_O)         1.482     1.482 r  clk_IBUF_inst/O
                         net (fo=1, routed)           2.025     3.506    clk_IBUF
    BUFGCTRL_X0Y16       BUFG (Prop_bufg_I_O)         0.096     3.602 r  clk_IBUF_BUFG_inst/O
                         net (fo=364, routed)         1.617     5.219    lb/clk_IBUF_BUFG
    SLICE_X63Y101        FDRE                                         r  lb/col_reg[2]/C
  -------------------------------------------------------------------    -------------------
    SLICE_X63Y101        FDRE (Prop_fdre_C_Q)         0.456     5.675 r  lb/col_reg[2]/Q
                         net (fo=329, routed)         2.217     7.892    lb/col[2]
    SLICE_X55Y103        LUT3 (Prop_lut3_I2_O)        0.152     8.044 r  lb/line0_reg_0_127_0_0_i_6/O
                         net (fo=65, routed)          2.822    10.866    lb/line0_reg_0_127_6_6/DPRA2
    SLICE_X66Y108        RAMD64E (Prop_ramd64e_RADR2_O)
                                                      0.326    11.192 r  lb/line0_reg_0_127_6_6/DP.HIGH/O
                         net (fo=1, routed)           0.000    11.192    lb/line0_reg_0_127_6_6/DPO1
    SLICE_X66Y108        MUXF7 (Prop_muxf7_I1_O)      0.214    11.406 r  lb/line0_reg_0_127_6_6/F7.DP/O
                         net (fo=1, routed)           0.659    12.065    lb/line0_reg_0_127_6_6_n_0
    SLICE_X67Y108        LUT5 (Prop_lut5_I3_O)        0.297    12.362 r  lb/p6[6]_i_1/O
                         net (fo=1, routed)           0.000    12.362    lb/p60[6]
    SLICE_X67Y108        FDRE                                         r  lb/p6_reg[6]/D
  -------------------------------------------------------------------    -------------------

                         (clock sys_clk_pin rise edge)
                                                     10.000    10.000 r  
    E3                                                0.000    10.000 r  clk (IN)
                         net (fo=0)                   0.000    10.000    clk
    E3                   IBUF (Prop_ibuf_I_O)         1.411    11.411 r  clk_IBUF_inst/O
                         net (fo=1, routed)           1.920    13.331    clk_IBUF
    BUFGCTRL_X0Y16       BUFG (Prop_bufg_I_O)         0.091    13.422 r  clk_IBUF_BUFG_inst/O
                         net (fo=364, routed)         1.495    14.917    lb/clk_IBUF_BUFG
    SLICE_X67Y108        FDRE                                         r  lb/p6_reg[6]/C
                         clock pessimism              0.259    15.176    
                         clock uncertainty           -0.035    15.141    
    SLICE_X67Y108        FDRE (Setup_fdre_C_D)        0.031    15.172    lb/p6_reg[6]
  -------------------------------------------------------------------
                         required time                         15.172    
                         arrival time                         -12.362    
  -------------------------------------------------------------------
                         slack                                  2.809    

Slack (MET) :             2.890ns  (required time - arrival time)
  Source:                 lb/col_reg[3]/C
                            (rising edge-triggered cell FDRE clocked by sys_clk_pin  {rise@0.000ns fall@5.000ns period=10.000ns})
  Destination:            lb/p6_reg[2]/D
                            (rising edge-triggered cell FDRE clocked by sys_clk_pin  {rise@0.000ns fall@5.000ns period=10.000ns})
  Path Group:             sys_clk_pin
  Path Type:              Setup (Max at Slow Process Corner)
  Requirement:            10.000ns  (sys_clk_pin rise@10.000ns - sys_clk_pin rise@0.000ns)
  Data Path Delay:        7.062ns  (logic 1.440ns (20.392%)  route 5.622ns (79.608%))
  Logic Levels:           4  (LUT5=2 MUXF7=1 RAMD64E=1)
  Clock Path Skew:        -0.044ns (DCD - SCD + CPR)
    Destination Clock Delay (DCD):    4.916ns = ( 14.916 - 10.000 ) 
    Source Clock Delay      (SCD):    5.219ns
    Clock Pessimism Removal (CPR):    0.259ns
  Clock Uncertainty:      0.035ns  ((TSJ^2 + TIJ^2)^1/2 + DJ) / 2 + PE
    Total System Jitter     (TSJ):    0.071ns
    Total Input Jitter      (TIJ):    0.000ns
    Discrete Jitter          (DJ):    0.000ns
    Phase Error              (PE):    0.000ns

    Location             Delay type                Incr(ns)  Path(ns)    Netlist Resource(s)
  -------------------------------------------------------------------    -------------------
                         (clock sys_clk_pin rise edge)
                                                      0.000     0.000 r  
    E3                                                0.000     0.000 r  clk (IN)
                         net (fo=0)                   0.000     0.000    clk
    E3                   IBUF (Prop_ibuf_I_O)         1.482     1.482 r  clk_IBUF_inst/O
                         net (fo=1, routed)           2.025     3.506    clk_IBUF
    BUFGCTRL_X0Y16       BUFG (Prop_bufg_I_O)         0.096     3.602 r  clk_IBUF_BUFG_inst/O
                         net (fo=364, routed)         1.617     5.219    lb/clk_IBUF_BUFG
    SLICE_X63Y101        FDRE                                         r  lb/col_reg[3]/C
  -------------------------------------------------------------------    -------------------
    SLICE_X63Y101        FDRE (Prop_fdre_C_Q)         0.456     5.675 r  lb/col_reg[3]/Q
                         net (fo=326, routed)         2.927     8.602    lb/col[3]
    SLICE_X63Y113        LUT5 (Prop_lut5_I3_O)        0.152     8.754 r  lb/line0_reg_0_127_0_0_i_4/O
                         net (fo=65, routed)          1.962    10.716    lb/line0_reg_0_127_2_2/DPRA4
    SLICE_X56Y102        RAMD64E (Prop_ramd64e_RADR4_O)
                                                      0.326    11.042 r  lb/line0_reg_0_127_2_2/DP.LOW/O
                         net (fo=1, routed)           0.000    11.042    lb/line0_reg_0_127_2_2/DPO0
    SLICE_X56Y102        MUXF7 (Prop_muxf7_I0_O)      0.209    11.251 r  lb/line0_reg_0_127_2_2/F7.DP/O
                         net (fo=1, routed)           0.733    11.984    lb/line0_reg_0_127_2_2_n_0
    SLICE_X61Y102        LUT5 (Prop_lut5_I3_O)        0.297    12.281 r  lb/p6[2]_i_1/O
                         net (fo=1, routed)           0.000    12.281    lb/p60[2]
    SLICE_X61Y102        FDRE                                         r  lb/p6_reg[2]/D
  -------------------------------------------------------------------    -------------------

                         (clock sys_clk_pin rise edge)
                                                     10.000    10.000 r  
    E3                                                0.000    10.000 r  clk (IN)
                         net (fo=0)                   0.000    10.000    clk
    E3                   IBUF (Prop_ibuf_I_O)         1.411    11.411 r  clk_IBUF_inst/O
                         net (fo=1, routed)           1.920    13.331    clk_IBUF
    BUFGCTRL_X0Y16       BUFG (Prop_bufg_I_O)         0.091    13.422 r  clk_IBUF_BUFG_inst/O
                         net (fo=364, routed)         1.494    14.916    lb/clk_IBUF_BUFG
    SLICE_X61Y102        FDRE                                         r  lb/p6_reg[2]/C
                         clock pessimism              0.259    15.175    
                         clock uncertainty           -0.035    15.140    
    SLICE_X61Y102        FDRE (Setup_fdre_C_D)        0.031    15.171    lb/p6_reg[2]
  -------------------------------------------------------------------
                         required time                         15.171    
                         arrival time                         -12.281    
  -------------------------------------------------------------------
                         slack                                  2.890    

Slack (MET) :             2.920ns  (required time - arrival time)
  Source:                 lb/col_reg[3]/C
                            (rising edge-triggered cell FDRE clocked by sys_clk_pin  {rise@0.000ns fall@5.000ns period=10.000ns})
  Destination:            lb/p3_reg[3]/D
                            (rising edge-triggered cell FDRE clocked by sys_clk_pin  {rise@0.000ns fall@5.000ns period=10.000ns})
  Path Group:             sys_clk_pin
  Path Type:              Setup (Max at Slow Process Corner)
  Requirement:            10.000ns  (sys_clk_pin rise@10.000ns - sys_clk_pin rise@0.000ns)
  Data Path Delay:        7.027ns  (logic 1.440ns (20.493%)  route 5.587ns (79.507%))
  Logic Levels:           4  (LUT5=2 MUXF7=1 RAMD64E=1)
  Clock Path Skew:        -0.047ns (DCD - SCD + CPR)
    Destination Clock Delay (DCD):    4.913ns = ( 14.913 - 10.000 ) 
    Source Clock Delay      (SCD):    5.219ns
    Clock Pessimism Removal (CPR):    0.259ns
  Clock Uncertainty:      0.035ns  ((TSJ^2 + TIJ^2)^1/2 + DJ) / 2 + PE
    Total System Jitter     (TSJ):    0.071ns
    Total Input Jitter      (TIJ):    0.000ns
    Discrete Jitter          (DJ):    0.000ns
    Phase Error              (PE):    0.000ns

    Location             Delay type                Incr(ns)  Path(ns)    Netlist Resource(s)
  -------------------------------------------------------------------    -------------------
                         (clock sys_clk_pin rise edge)
                                                      0.000     0.000 r  
    E3                                                0.000     0.000 r  clk (IN)
                         net (fo=0)                   0.000     0.000    clk
    E3                   IBUF (Prop_ibuf_I_O)         1.482     1.482 r  clk_IBUF_inst/O
                         net (fo=1, routed)           2.025     3.506    clk_IBUF
    BUFGCTRL_X0Y16       BUFG (Prop_bufg_I_O)         0.096     3.602 r  clk_IBUF_BUFG_inst/O
                         net (fo=364, routed)         1.617     5.219    lb/clk_IBUF_BUFG
    SLICE_X63Y101        FDRE                                         r  lb/col_reg[3]/C
  -------------------------------------------------------------------    -------------------
    SLICE_X63Y101        FDRE (Prop_fdre_C_Q)         0.456     5.675 r  lb/col_reg[3]/Q
                         net (fo=326, routed)         2.927     8.602    lb/col[3]
    SLICE_X63Y113        LUT5 (Prop_lut5_I3_O)        0.152     8.754 r  lb/line0_reg_0_127_0_0_i_4/O
                         net (fo=65, routed)          2.014    10.768    lb/line1_reg_128_255_3_3/DPRA4
    SLICE_X60Y109        RAMD64E (Prop_ramd64e_RADR4_O)
                                                      0.326    11.094 r  lb/line1_reg_128_255_3_3/DP.LOW/O
                         net (fo=1, routed)           0.000    11.094    lb/line1_reg_128_255_3_3/DPO0
    SLICE_X60Y109        MUXF7 (Prop_muxf7_I0_O)      0.209    11.303 r  lb/line1_reg_128_255_3_3/F7.DP/O
                         net (fo=1, routed)           0.647    11.949    lb/line1_reg_128_255_3_3_n_0
    SLICE_X61Y109        LUT5 (Prop_lut5_I4_O)        0.297    12.246 r  lb/p3[3]_i_1/O
                         net (fo=1, routed)           0.000    12.246    lb/p30[3]
    SLICE_X61Y109        FDRE                                         r  lb/p3_reg[3]/D
  -------------------------------------------------------------------    -------------------

                         (clock sys_clk_pin rise edge)
                                                     10.000    10.000 r  
    E3                                                0.000    10.000 r  clk (IN)
                         net (fo=0)                   0.000    10.000    clk
    E3                   IBUF (Prop_ibuf_I_O)         1.411    11.411 r  clk_IBUF_inst/O
                         net (fo=1, routed)           1.920    13.331    clk_IBUF
    BUFGCTRL_X0Y16       BUFG (Prop_bufg_I_O)         0.091    13.422 r  clk_IBUF_BUFG_inst/O
                         net (fo=364, routed)         1.491    14.913    lb/clk_IBUF_BUFG
    SLICE_X61Y109        FDRE                                         r  lb/p3_reg[3]/C
                         clock pessimism              0.259    15.172    
                         clock uncertainty           -0.035    15.137    
    SLICE_X61Y109        FDRE (Setup_fdre_C_D)        0.029    15.166    lb/p3_reg[3]
  -------------------------------------------------------------------
                         required time                         15.166    
                         arrival time                         -12.246    
  -------------------------------------------------------------------
                         slack                                  2.920    





Min Delay Paths
--------------------------------------------------------------------------------------
Slack (MET) :             0.061ns  (arrival time - required time)
  Source:                 lb/col_reg[0]/C
                            (rising edge-triggered cell FDRE clocked by sys_clk_pin  {rise@0.000ns fall@5.000ns period=10.000ns})
  Destination:            lb/line0_reg_r2_128_191_0_2/RAMA/WADR0
                            (rising edge-triggered cell RAMD64E clocked by sys_clk_pin  {rise@0.000ns fall@5.000ns period=10.000ns})
  Path Group:             sys_clk_pin
  Path Type:              Hold (Min at Fast Process Corner)
  Requirement:            0.000ns  (sys_clk_pin rise@0.000ns - sys_clk_pin rise@0.000ns)
  Data Path Delay:        0.384ns  (logic 0.141ns (36.747%)  route 0.243ns (63.253%))
  Logic Levels:           0  
  Clock Path Skew:        0.013ns (DCD - SCD - CPR)
    Destination Clock Delay (DCD):    1.999ns
    Source Clock Delay      (SCD):    1.481ns
    Clock Pessimism Removal (CPR):    0.504ns

    Location             Delay type                Incr(ns)  Path(ns)    Netlist Resource(s)
  -------------------------------------------------------------------    -------------------
                         (clock sys_clk_pin rise edge)
                                                      0.000     0.000 r  
    E3                                                0.000     0.000 r  clk (IN)
                         net (fo=0)                   0.000     0.000    clk
    E3                   IBUF (Prop_ibuf_I_O)         0.250     0.250 r  clk_IBUF_inst/O
                         net (fo=1, routed)           0.644     0.894    clk_IBUF
    BUFGCTRL_X0Y16       BUFG (Prop_bufg_I_O)         0.026     0.920 r  clk_IBUF_BUFG_inst/O
                         net (fo=364, routed)         0.562     1.481    lb/clk_IBUF_BUFG
    SLICE_X67Y104        FDRE                                         r  lb/col_reg[0]/C
  -------------------------------------------------------------------    -------------------
    SLICE_X67Y104        FDRE (Prop_fdre_C_Q)         0.141     1.622 r  lb/col_reg[0]/Q
                         net (fo=351, routed)         0.243     1.865    lb/line0_reg_r2_128_191_0_2/ADDRD0
    SLICE_X66Y104        RAMD64E                                      r  lb/line0_reg_r2_128_191_0_2/RAMA/WADR0
  -------------------------------------------------------------------    -------------------

                         (clock sys_clk_pin rise edge)
                                                      0.000     0.000 r  
    E3                                                0.000     0.000 r  clk (IN)
                         net (fo=0)                   0.000     0.000    clk
    E3                   IBUF (Prop_ibuf_I_O)         0.438     0.438 r  clk_IBUF_inst/O
                         net (fo=1, routed)           0.699     1.136    clk_IBUF
    BUFGCTRL_X0Y16       BUFG (Prop_bufg_I_O)         0.029     1.165 r  clk_IBUF_BUFG_inst/O
                         net (fo=364, routed)         0.834     1.999    lb/line0_reg_r2_128_191_0_2/WCLK
    SLICE_X66Y104        RAMD64E                                      r  lb/line0_reg_r2_128_191_0_2/RAMA/CLK
                         clock pessimism             -0.504     1.494    
    SLICE_X66Y104        RAMD64E (Hold_ramd64e_CLK_WADR0)
                                                      0.310     1.804    lb/line0_reg_r2_128_191_0_2/RAMA
  -------------------------------------------------------------------
                         required time                         -1.804    
                         arrival time                           1.865    
  -------------------------------------------------------------------
                         slack                                  0.061    

Slack (MET) :             0.061ns  (arrival time - required time)
  Source:                 lb/col_reg[0]/C
                            (rising edge-triggered cell FDRE clocked by sys_clk_pin  {rise@0.000ns fall@5.000ns period=10.000ns})
  Destination:            lb/line0_reg_r2_128_191_0_2/RAMB/WADR0
                            (rising edge-triggered cell RAMD64E clocked by sys_clk_pin  {rise@0.000ns fall@5.000ns period=10.000ns})
  Path Group:             sys_clk_pin
  Path Type:              Hold (Min at Fast Process Corner)
  Requirement:            0.000ns  (sys_clk_pin rise@0.000ns - sys_clk_pin rise@0.000ns)
  Data Path Delay:        0.384ns  (logic 0.141ns (36.747%)  route 0.243ns (63.253%))
  Logic Levels:           0  
  Clock Path Skew:        0.013ns (DCD - SCD - CPR)
    Destination Clock Delay (DCD):    1.999ns
    Source Clock Delay      (SCD):    1.481ns
    Clock Pessimism Removal (CPR):    0.504ns

    Location             Delay type                Incr(ns)  Path(ns)    Netlist Resource(s)
  -------------------------------------------------------------------    -------------------
                         (clock sys_clk_pin rise edge)
                                                      0.000     0.000 r  
    E3                                                0.000     0.000 r  clk (IN)
                         net (fo=0)                   0.000     0.000    clk
    E3                   IBUF (Prop_ibuf_I_O)         0.250     0.250 r  clk_IBUF_inst/O
                         net (fo=1, routed)           0.644     0.894    clk_IBUF
    BUFGCTRL_X0Y16       BUFG (Prop_bufg_I_O)         0.026     0.920 r  clk_IBUF_BUFG_inst/O
                         net (fo=364, routed)         0.562     1.481    lb/clk_IBUF_BUFG
    SLICE_X67Y104        FDRE                                         r  lb/col_reg[0]/C
  -------------------------------------------------------------------    -------------------
    SLICE_X67Y104        FDRE (Prop_fdre_C_Q)         0.141     1.622 r  lb/col_reg[0]/Q
                         net (fo=351, routed)         0.243     1.865    lb/line0_reg_r2_128_191_0_2/ADDRD0
    SLICE_X66Y104        RAMD64E                                      r  lb/line0_reg_r2_128_191_0_2/RAMB/WADR0
  -------------------------------------------------------------------    -------------------

                         (clock sys_clk_pin rise edge)
                                                      0.000     0.000 r  
    E3                                                0.000     0.000 r  clk (IN)
                         net (fo=0)                   0.000     0.000    clk
    E3                   IBUF (Prop_ibuf_I_O)         0.438     0.438 r  clk_IBUF_inst/O
                         net (fo=1, routed)           0.699     1.136    clk_IBUF
    BUFGCTRL_X0Y16       BUFG (Prop_bufg_I_O)         0.029     1.165 r  clk_IBUF_BUFG_inst/O
                         net (fo=364, routed)         0.834     1.999    lb/line0_reg_r2_128_191_0_2/WCLK
    SLICE_X66Y104        RAMD64E                                      r  lb/line0_reg_r2_128_191_0_2/RAMB/CLK
                         clock pessimism             -0.504     1.494    
    SLICE_X66Y104        RAMD64E (Hold_ramd64e_CLK_WADR0)
                                                      0.310     1.804    lb/line0_reg_r2_128_191_0_2/RAMB
  -------------------------------------------------------------------
                         required time                         -1.804    
                         arrival time                           1.865    
  -------------------------------------------------------------------
                         slack                                  0.061    

Slack (MET) :             0.061ns  (arrival time - required time)
  Source:                 lb/col_reg[0]/C
                            (rising edge-triggered cell FDRE clocked by sys_clk_pin  {rise@0.000ns fall@5.000ns period=10.000ns})
  Destination:            lb/line0_reg_r2_128_191_0_2/RAMC/WADR0
                            (rising edge-triggered cell RAMD64E clocked by sys_clk_pin  {rise@0.000ns fall@5.000ns period=10.000ns})
  Path Group:             sys_clk_pin
  Path Type:              Hold (Min at Fast Process Corner)
  Requirement:            0.000ns  (sys_clk_pin rise@0.000ns - sys_clk_pin rise@0.000ns)
  Data Path Delay:        0.384ns  (logic 0.141ns (36.747%)  route 0.243ns (63.253%))
  Logic Levels:           0  
  Clock Path Skew:        0.013ns (DCD - SCD - CPR)
    Destination Clock Delay (DCD):    1.999ns
    Source Clock Delay      (SCD):    1.481ns
    Clock Pessimism Removal (CPR):    0.504ns

    Location             Delay type                Incr(ns)  Path(ns)    Netlist Resource(s)
  -------------------------------------------------------------------    -------------------
                         (clock sys_clk_pin rise edge)
                                                      0.000     0.000 r  
    E3                                                0.000     0.000 r  clk (IN)
                         net (fo=0)                   0.000     0.000    clk
    E3                   IBUF (Prop_ibuf_I_O)         0.250     0.250 r  clk_IBUF_inst/O
                         net (fo=1, routed)           0.644     0.894    clk_IBUF
    BUFGCTRL_X0Y16       BUFG (Prop_bufg_I_O)         0.026     0.920 r  clk_IBUF_BUFG_inst/O
                         net (fo=364, routed)         0.562     1.481    lb/clk_IBUF_BUFG
    SLICE_X67Y104        FDRE                                         r  lb/col_reg[0]/C
  -------------------------------------------------------------------    -------------------
    SLICE_X67Y104        FDRE (Prop_fdre_C_Q)         0.141     1.622 r  lb/col_reg[0]/Q
                         net (fo=351, routed)         0.243     1.865    lb/line0_reg_r2_128_191_0_2/ADDRD0
    SLICE_X66Y104        RAMD64E                                      r  lb/line0_reg_r2_128_191_0_2/RAMC/WADR0
  -------------------------------------------------------------------    -------------------

                         (clock sys_clk_pin rise edge)
                                                      0.000     0.000 r  
    E3                                                0.000     0.000 r  clk (IN)
                         net (fo=0)                   0.000     0.000    clk
    E3                   IBUF (Prop_ibuf_I_O)         0.438     0.438 r  clk_IBUF_inst/O
                         net (fo=1, routed)           0.699     1.136    clk_IBUF
    BUFGCTRL_X0Y16       BUFG (Prop_bufg_I_O)         0.029     1.165 r  clk_IBUF_BUFG_inst/O
                         net (fo=364, routed)         0.834     1.999    lb/line0_reg_r2_128_191_0_2/WCLK
    SLICE_X66Y104        RAMD64E                                      r  lb/line0_reg_r2_128_191_0_2/RAMC/CLK
                         clock pessimism             -0.504     1.494    
    SLICE_X66Y104        RAMD64E (Hold_ramd64e_CLK_WADR0)
                                                      0.310     1.804    lb/line0_reg_r2_128_191_0_2/RAMC
  -------------------------------------------------------------------
                         required time                         -1.804    
                         arrival time                           1.865    
  -------------------------------------------------------------------
                         slack                                  0.061    

Slack (MET) :             0.061ns  (arrival time - required time)
  Source:                 lb/col_reg[0]/C
                            (rising edge-triggered cell FDRE clocked by sys_clk_pin  {rise@0.000ns fall@5.000ns period=10.000ns})
  Destination:            lb/line0_reg_r2_128_191_0_2/RAMD/WADR0
                            (rising edge-triggered cell RAMD64E clocked by sys_clk_pin  {rise@0.000ns fall@5.000ns period=10.000ns})
  Path Group:             sys_clk_pin
  Path Type:              Hold (Min at Fast Process Corner)
  Requirement:            0.000ns  (sys_clk_pin rise@0.000ns - sys_clk_pin rise@0.000ns)
  Data Path Delay:        0.384ns  (logic 0.141ns (36.747%)  route 0.243ns (63.253%))
  Logic Levels:           0  
  Clock Path Skew:        0.013ns (DCD - SCD - CPR)
    Destination Clock Delay (DCD):    1.999ns
    Source Clock Delay      (SCD):    1.481ns
    Clock Pessimism Removal (CPR):    0.504ns

    Location             Delay type                Incr(ns)  Path(ns)    Netlist Resource(s)
  -------------------------------------------------------------------    -------------------
                         (clock sys_clk_pin rise edge)
                                                      0.000     0.000 r  
    E3                                                0.000     0.000 r  clk (IN)
                         net (fo=0)                   0.000     0.000    clk
    E3                   IBUF (Prop_ibuf_I_O)         0.250     0.250 r  clk_IBUF_inst/O
                         net (fo=1, routed)           0.644     0.894    clk_IBUF
    BUFGCTRL_X0Y16       BUFG (Prop_bufg_I_O)         0.026     0.920 r  clk_IBUF_BUFG_inst/O
                         net (fo=364, routed)         0.562     1.481    lb/clk_IBUF_BUFG
    SLICE_X67Y104        FDRE                                         r  lb/col_reg[0]/C
  -------------------------------------------------------------------    -------------------
    SLICE_X67Y104        FDRE (Prop_fdre_C_Q)         0.141     1.622 r  lb/col_reg[0]/Q
                         net (fo=351, routed)         0.243     1.865    lb/line0_reg_r2_128_191_0_2/ADDRD0
    SLICE_X66Y104        RAMD64E                                      r  lb/line0_reg_r2_128_191_0_2/RAMD/WADR0
  -------------------------------------------------------------------    -------------------

                         (clock sys_clk_pin rise edge)
                                                      0.000     0.000 r  
    E3                                                0.000     0.000 r  clk (IN)
                         net (fo=0)                   0.000     0.000    clk
    E3                   IBUF (Prop_ibuf_I_O)         0.438     0.438 r  clk_IBUF_inst/O
                         net (fo=1, routed)           0.699     1.136    clk_IBUF
    BUFGCTRL_X0Y16       BUFG (Prop_bufg_I_O)         0.029     1.165 r  clk_IBUF_BUFG_inst/O
                         net (fo=364, routed)         0.834     1.999    lb/line0_reg_r2_128_191_0_2/WCLK
    SLICE_X66Y104        RAMD64E                                      r  lb/line0_reg_r2_128_191_0_2/RAMD/CLK
                         clock pessimism             -0.504     1.494    
    SLICE_X66Y104        RAMD64E (Hold_ramd64e_CLK_WADR0)
                                                      0.310     1.804    lb/line0_reg_r2_128_191_0_2/RAMD
  -------------------------------------------------------------------
                         required time                         -1.804    
                         arrival time                           1.865    
  -------------------------------------------------------------------
                         slack                                  0.061    

Slack (MET) :             0.100ns  (arrival time - required time)
  Source:                 pixel_reg_reg[6]/C
                            (rising edge-triggered cell FDRE clocked by sys_clk_pin  {rise@0.000ns fall@5.000ns period=10.000ns})
  Destination:            lb/line0_reg_r2_128_191_6_7/RAMA/I
                            (rising edge-triggered cell RAMD64E clocked by sys_clk_pin  {rise@0.000ns fall@5.000ns period=10.000ns})
  Path Group:             sys_clk_pin
  Path Type:              Hold (Min at Fast Process Corner)
  Requirement:            0.000ns  (sys_clk_pin rise@0.000ns - sys_clk_pin rise@0.000ns)
  Data Path Delay:        0.263ns  (logic 0.141ns (53.584%)  route 0.122ns (46.416%))
  Logic Levels:           0  
  Clock Path Skew:        0.016ns (DCD - SCD - CPR)
    Destination Clock Delay (DCD):    1.996ns
    Source Clock Delay      (SCD):    1.479ns
    Clock Pessimism Removal (CPR):    0.500ns

    Location             Delay type                Incr(ns)  Path(ns)    Netlist Resource(s)
  -------------------------------------------------------------------    -------------------
                         (clock sys_clk_pin rise edge)
                                                      0.000     0.000 r  
    E3                                                0.000     0.000 r  clk (IN)
                         net (fo=0)                   0.000     0.000    clk
    E3                   IBUF (Prop_ibuf_I_O)         0.250     0.250 r  clk_IBUF_inst/O
                         net (fo=1, routed)           0.644     0.894    clk_IBUF
    BUFGCTRL_X0Y16       BUFG (Prop_bufg_I_O)         0.026     0.920 r  clk_IBUF_BUFG_inst/O
                         net (fo=364, routed)         0.560     1.479    clk_IBUF_BUFG
    SLICE_X61Y104        FDRE                                         r  pixel_reg_reg[6]/C
  -------------------------------------------------------------------    -------------------
    SLICE_X61Y104        FDRE (Prop_fdre_C_Q)         0.141     1.620 r  pixel_reg_reg[6]/Q
                         net (fo=12, routed)          0.122     1.743    lb/line0_reg_r2_128_191_6_7/DIA
    SLICE_X60Y105        RAMD64E                                      r  lb/line0_reg_r2_128_191_6_7/RAMA/I
  -------------------------------------------------------------------    -------------------

                         (clock sys_clk_pin rise edge)
                                                      0.000     0.000 r  
    E3                                                0.000     0.000 r  clk (IN)
                         net (fo=0)                   0.000     0.000    clk
    E3                   IBUF (Prop_ibuf_I_O)         0.438     0.438 r  clk_IBUF_inst/O
                         net (fo=1, routed)           0.699     1.136    clk_IBUF
    BUFGCTRL_X0Y16       BUFG (Prop_bufg_I_O)         0.029     1.165 r  clk_IBUF_BUFG_inst/O
                         net (fo=364, routed)         0.831     1.996    lb/line0_reg_r2_128_191_6_7/WCLK
    SLICE_X60Y105        RAMD64E                                      r  lb/line0_reg_r2_128_191_6_7/RAMA/CLK
                         clock pessimism             -0.500     1.495    
    SLICE_X60Y105        RAMD64E (Hold_ramd64e_CLK_I)
                                                      0.147     1.642    lb/line0_reg_r2_128_191_6_7/RAMA
  -------------------------------------------------------------------
                         required time                         -1.642    
                         arrival time                           1.743    
  -------------------------------------------------------------------
                         slack                                  0.100    

Slack (MET) :             0.101ns  (arrival time - required time)
  Source:                 pixel_reg_reg[0]/C
                            (rising edge-triggered cell FDRE clocked by sys_clk_pin  {rise@0.000ns fall@5.000ns period=10.000ns})
  Destination:            lb/line0_reg_0_127_0_0/SP.LOW/I
                            (rising edge-triggered cell RAMD64E clocked by sys_clk_pin  {rise@0.000ns fall@5.000ns period=10.000ns})
  Path Group:             sys_clk_pin
  Path Type:              Hold (Min at Fast Process Corner)
  Requirement:            0.000ns  (sys_clk_pin rise@0.000ns - sys_clk_pin rise@0.000ns)
  Data Path Delay:        0.283ns  (logic 0.141ns (49.834%)  route 0.142ns (50.166%))
  Logic Levels:           0  
  Clock Path Skew:        0.038ns (DCD - SCD - CPR)
    Destination Clock Delay (DCD):    1.999ns
    Source Clock Delay      (SCD):    1.481ns
    Clock Pessimism Removal (CPR):    0.479ns

    Location             Delay type                Incr(ns)  Path(ns)    Netlist Resource(s)
  -------------------------------------------------------------------    -------------------
                         (clock sys_clk_pin rise edge)
                                                      0.000     0.000 r  
    E3                                                0.000     0.000 r  clk (IN)
                         net (fo=0)                   0.000     0.000    clk
    E3                   IBUF (Prop_ibuf_I_O)         0.250     0.250 r  clk_IBUF_inst/O
                         net (fo=1, routed)           0.644     0.894    clk_IBUF
    BUFGCTRL_X0Y16       BUFG (Prop_bufg_I_O)         0.026     0.920 r  clk_IBUF_BUFG_inst/O
                         net (fo=364, routed)         0.562     1.481    clk_IBUF_BUFG
    SLICE_X68Y105        FDRE                                         r  pixel_reg_reg[0]/C
  -------------------------------------------------------------------    -------------------
    SLICE_X68Y105        FDRE (Prop_fdre_C_Q)         0.141     1.622 r  pixel_reg_reg[0]/Q
                         net (fo=12, routed)          0.142     1.764    lb/line0_reg_0_127_0_0/D
    SLICE_X66Y105        RAMD64E                                      r  lb/line0_reg_0_127_0_0/SP.LOW/I
  -------------------------------------------------------------------    -------------------

                         (clock sys_clk_pin rise edge)
                                                      0.000     0.000 r  
    E3                                                0.000     0.000 r  clk (IN)
                         net (fo=0)                   0.000     0.000    clk
    E3                   IBUF (Prop_ibuf_I_O)         0.438     0.438 r  clk_IBUF_inst/O
                         net (fo=1, routed)           0.699     1.136    clk_IBUF
    BUFGCTRL_X0Y16       BUFG (Prop_bufg_I_O)         0.029     1.165 r  clk_IBUF_BUFG_inst/O
                         net (fo=364, routed)         0.834     1.999    lb/line0_reg_0_127_0_0/WCLK
    SLICE_X66Y105        RAMD64E                                      r  lb/line0_reg_0_127_0_0/SP.LOW/CLK
                         clock pessimism             -0.479     1.519    
    SLICE_X66Y105        RAMD64E (Hold_ramd64e_CLK_I)
                                                      0.144     1.663    lb/line0_reg_0_127_0_0/SP.LOW
  -------------------------------------------------------------------
                         required time                         -1.663    
                         arrival time                           1.764    
  -------------------------------------------------------------------
                         slack                                  0.101    

Slack (MET) :             0.107ns  (arrival time - required time)
  Source:                 lb/col_reg[4]/C
                            (rising edge-triggered cell FDRE clocked by sys_clk_pin  {rise@0.000ns fall@5.000ns period=10.000ns})
  Destination:            lb/line1_reg_128_255_0_0/DP.HIGH/WADR4
                            (rising edge-triggered cell RAMD64E clocked by sys_clk_pin  {rise@0.000ns fall@5.000ns period=10.000ns})
  Path Group:             sys_clk_pin
  Path Type:              Hold (Min at Fast Process Corner)
  Requirement:            0.000ns  (sys_clk_pin rise@0.000ns - sys_clk_pin rise@0.000ns)
  Data Path Delay:        0.323ns  (logic 0.141ns (43.595%)  route 0.182ns (56.405%))
  Logic Levels:           0  
  Clock Path Skew:        0.016ns (DCD - SCD - CPR)
    Destination Clock Delay (DCD):    2.000ns
    Source Clock Delay      (SCD):    1.482ns
    Clock Pessimism Removal (CPR):    0.501ns

    Location             Delay type                Incr(ns)  Path(ns)    Netlist Resource(s)
  -------------------------------------------------------------------    -------------------
                         (clock sys_clk_pin rise edge)
                                                      0.000     0.000 r  
    E3                                                0.000     0.000 r  clk (IN)
                         net (fo=0)                   0.000     0.000    clk
    E3                   IBUF (Prop_ibuf_I_O)         0.250     0.250 r  clk_IBUF_inst/O
                         net (fo=1, routed)           0.644     0.894    clk_IBUF
    BUFGCTRL_X0Y16       BUFG (Prop_bufg_I_O)         0.026     0.920 r  clk_IBUF_BUFG_inst/O
                         net (fo=364, routed)         0.563     1.482    lb/clk_IBUF_BUFG
    SLICE_X65Y102        FDRE                                         r  lb/col_reg[4]/C
  -------------------------------------------------------------------    -------------------
    SLICE_X65Y102        FDRE (Prop_fdre_C_Q)         0.141     1.623 r  lb/col_reg[4]/Q
                         net (fo=323, routed)         0.182     1.806    lb/line1_reg_128_255_0_0/A4
    SLICE_X66Y102        RAMD64E                                      r  lb/line1_reg_128_255_0_0/DP.HIGH/WADR4
  -------------------------------------------------------------------    -------------------

                         (clock sys_clk_pin rise edge)
                                                      0.000     0.000 r  
    E3                                                0.000     0.000 r  clk (IN)
                         net (fo=0)                   0.000     0.000    clk
    E3                   IBUF (Prop_ibuf_I_O)         0.438     0.438 r  clk_IBUF_inst/O
                         net (fo=1, routed)           0.699     1.136    clk_IBUF
    BUFGCTRL_X0Y16       BUFG (Prop_bufg_I_O)         0.029     1.165 r  clk_IBUF_BUFG_inst/O
                         net (fo=364, routed)         0.835     2.000    lb/line1_reg_128_255_0_0/WCLK
    SLICE_X66Y102        RAMD64E                                      r  lb/line1_reg_128_255_0_0/DP.HIGH/CLK
                         clock pessimism             -0.501     1.498    
    SLICE_X66Y102        RAMD64E (Hold_ramd64e_CLK_WADR4)
                                                      0.200     1.698    lb/line1_reg_128_255_0_0/DP.HIGH
  -------------------------------------------------------------------
                         required time                         -1.698    
                         arrival time                           1.806    
  -------------------------------------------------------------------
                         slack                                  0.107    

Slack (MET) :             0.107ns  (arrival time - required time)
  Source:                 lb/col_reg[4]/C
                            (rising edge-triggered cell FDRE clocked by sys_clk_pin  {rise@0.000ns fall@5.000ns period=10.000ns})
  Destination:            lb/line1_reg_128_255_0_0/DP.LOW/WADR4
                            (rising edge-triggered cell RAMD64E clocked by sys_clk_pin  {rise@0.000ns fall@5.000ns period=10.000ns})
  Path Group:             sys_clk_pin
  Path Type:              Hold (Min at Fast Process Corner)
  Requirement:            0.000ns  (sys_clk_pin rise@0.000ns - sys_clk_pin rise@0.000ns)
  Data Path Delay:        0.323ns  (logic 0.141ns (43.595%)  route 0.182ns (56.405%))
  Logic Levels:           0  
  Clock Path Skew:        0.016ns (DCD - SCD - CPR)
    Destination Clock Delay (DCD):    2.000ns
    Source Clock Delay      (SCD):    1.482ns
    Clock Pessimism Removal (CPR):    0.501ns

    Location             Delay type                Incr(ns)  Path(ns)    Netlist Resource(s)
  -------------------------------------------------------------------    -------------------
                         (clock sys_clk_pin rise edge)
                                                      0.000     0.000 r  
    E3                                                0.000     0.000 r  clk (IN)
                         net (fo=0)                   0.000     0.000    clk
    E3                   IBUF (Prop_ibuf_I_O)         0.250     0.250 r  clk_IBUF_inst/O
                         net (fo=1, routed)           0.644     0.894    clk_IBUF
    BUFGCTRL_X0Y16       BUFG (Prop_bufg_I_O)         0.026     0.920 r  clk_IBUF_BUFG_inst/O
                         net (fo=364, routed)         0.563     1.482    lb/clk_IBUF_BUFG
    SLICE_X65Y102        FDRE                                         r  lb/col_reg[4]/C
  -------------------------------------------------------------------    -------------------
    SLICE_X65Y102        FDRE (Prop_fdre_C_Q)         0.141     1.623 r  lb/col_reg[4]/Q
                         net (fo=323, routed)         0.182     1.806    lb/line1_reg_128_255_0_0/A4
    SLICE_X66Y102        RAMD64E                                      r  lb/line1_reg_128_255_0_0/DP.LOW/WADR4
  -------------------------------------------------------------------    -------------------

                         (clock sys_clk_pin rise edge)
                                                      0.000     0.000 r  
    E3                                                0.000     0.000 r  clk (IN)
                         net (fo=0)                   0.000     0.000    clk
    E3                   IBUF (Prop_ibuf_I_O)         0.438     0.438 r  clk_IBUF_inst/O
                         net (fo=1, routed)           0.699     1.136    clk_IBUF
    BUFGCTRL_X0Y16       BUFG (Prop_bufg_I_O)         0.029     1.165 r  clk_IBUF_BUFG_inst/O
                         net (fo=364, routed)         0.835     2.000    lb/line1_reg_128_255_0_0/WCLK
    SLICE_X66Y102        RAMD64E                                      r  lb/line1_reg_128_255_0_0/DP.LOW/CLK
                         clock pessimism             -0.501     1.498    
    SLICE_X66Y102        RAMD64E (Hold_ramd64e_CLK_WADR4)
                                                      0.200     1.698    lb/line1_reg_128_255_0_0/DP.LOW
  -------------------------------------------------------------------
                         required time                         -1.698    
                         arrival time                           1.806    
  -------------------------------------------------------------------
                         slack                                  0.107    

Slack (MET) :             0.107ns  (arrival time - required time)
  Source:                 lb/col_reg[4]/C
                            (rising edge-triggered cell FDRE clocked by sys_clk_pin  {rise@0.000ns fall@5.000ns period=10.000ns})
  Destination:            lb/line1_reg_128_255_0_0/SP.HIGH/WADR4
                            (rising edge-triggered cell RAMD64E clocked by sys_clk_pin  {rise@0.000ns fall@5.000ns period=10.000ns})
  Path Group:             sys_clk_pin
  Path Type:              Hold (Min at Fast Process Corner)
  Requirement:            0.000ns  (sys_clk_pin rise@0.000ns - sys_clk_pin rise@0.000ns)
  Data Path Delay:        0.323ns  (logic 0.141ns (43.595%)  route 0.182ns (56.405%))
  Logic Levels:           0  
  Clock Path Skew:        0.016ns (DCD - SCD - CPR)
    Destination Clock Delay (DCD):    2.000ns
    Source Clock Delay      (SCD):    1.482ns
    Clock Pessimism Removal (CPR):    0.501ns

    Location             Delay type                Incr(ns)  Path(ns)    Netlist Resource(s)
  -------------------------------------------------------------------    -------------------
                         (clock sys_clk_pin rise edge)
                                                      0.000     0.000 r  
    E3                                                0.000     0.000 r  clk (IN)
                         net (fo=0)                   0.000     0.000    clk
    E3                   IBUF (Prop_ibuf_I_O)         0.250     0.250 r  clk_IBUF_inst/O
                         net (fo=1, routed)           0.644     0.894    clk_IBUF
    BUFGCTRL_X0Y16       BUFG (Prop_bufg_I_O)         0.026     0.920 r  clk_IBUF_BUFG_inst/O
                         net (fo=364, routed)         0.563     1.482    lb/clk_IBUF_BUFG
    SLICE_X65Y102        FDRE                                         r  lb/col_reg[4]/C
  -------------------------------------------------------------------    -------------------
    SLICE_X65Y102        FDRE (Prop_fdre_C_Q)         0.141     1.623 r  lb/col_reg[4]/Q
                         net (fo=323, routed)         0.182     1.806    lb/line1_reg_128_255_0_0/A4
    SLICE_X66Y102        RAMD64E                                      r  lb/line1_reg_128_255_0_0/SP.HIGH/WADR4
  -------------------------------------------------------------------    -------------------

                         (clock sys_clk_pin rise edge)
                                                      0.000     0.000 r  
    E3                                                0.000     0.000 r  clk (IN)
                         net (fo=0)                   0.000     0.000    clk
    E3                   IBUF (Prop_ibuf_I_O)         0.438     0.438 r  clk_IBUF_inst/O
                         net (fo=1, routed)           0.699     1.136    clk_IBUF
    BUFGCTRL_X0Y16       BUFG (Prop_bufg_I_O)         0.029     1.165 r  clk_IBUF_BUFG_inst/O
                         net (fo=364, routed)         0.835     2.000    lb/line1_reg_128_255_0_0/WCLK
    SLICE_X66Y102        RAMD64E                                      r  lb/line1_reg_128_255_0_0/SP.HIGH/CLK
                         clock pessimism             -0.501     1.498    
    SLICE_X66Y102        RAMD64E (Hold_ramd64e_CLK_WADR4)
                                                      0.200     1.698    lb/line1_reg_128_255_0_0/SP.HIGH
  -------------------------------------------------------------------
                         required time                         -1.698    
                         arrival time                           1.806    
  -------------------------------------------------------------------
                         slack                                  0.107    

Slack (MET) :             0.107ns  (arrival time - required time)
  Source:                 lb/col_reg[4]/C
                            (rising edge-triggered cell FDRE clocked by sys_clk_pin  {rise@0.000ns fall@5.000ns period=10.000ns})
  Destination:            lb/line1_reg_128_255_0_0/SP.LOW/WADR4
                            (rising edge-triggered cell RAMD64E clocked by sys_clk_pin  {rise@0.000ns fall@5.000ns period=10.000ns})
  Path Group:             sys_clk_pin
  Path Type:              Hold (Min at Fast Process Corner)
  Requirement:            0.000ns  (sys_clk_pin rise@0.000ns - sys_clk_pin rise@0.000ns)
  Data Path Delay:        0.323ns  (logic 0.141ns (43.595%)  route 0.182ns (56.405%))
  Logic Levels:           0  
  Clock Path Skew:        0.016ns (DCD - SCD - CPR)
    Destination Clock Delay (DCD):    2.000ns
    Source Clock Delay      (SCD):    1.482ns
    Clock Pessimism Removal (CPR):    0.501ns

    Location             Delay type                Incr(ns)  Path(ns)    Netlist Resource(s)
  -------------------------------------------------------------------    -------------------
                         (clock sys_clk_pin rise edge)
                                                      0.000     0.000 r  
    E3                                                0.000     0.000 r  clk (IN)
                         net (fo=0)                   0.000     0.000    clk
    E3                   IBUF (Prop_ibuf_I_O)         0.250     0.250 r  clk_IBUF_inst/O
                         net (fo=1, routed)           0.644     0.894    clk_IBUF
    BUFGCTRL_X0Y16       BUFG (Prop_bufg_I_O)         0.026     0.920 r  clk_IBUF_BUFG_inst/O
                         net (fo=364, routed)         0.563     1.482    lb/clk_IBUF_BUFG
    SLICE_X65Y102        FDRE                                         r  lb/col_reg[4]/C
  -------------------------------------------------------------------    -------------------
    SLICE_X65Y102        FDRE (Prop_fdre_C_Q)         0.141     1.623 r  lb/col_reg[4]/Q
                         net (fo=323, routed)         0.182     1.806    lb/line1_reg_128_255_0_0/A4
    SLICE_X66Y102        RAMD64E                                      r  lb/line1_reg_128_255_0_0/SP.LOW/WADR4
  -------------------------------------------------------------------    -------------------

                         (clock sys_clk_pin rise edge)
                                                      0.000     0.000 r  
    E3                                                0.000     0.000 r  clk (IN)
                         net (fo=0)                   0.000     0.000    clk
    E3                   IBUF (Prop_ibuf_I_O)         0.438     0.438 r  clk_IBUF_inst/O
                         net (fo=1, routed)           0.699     1.136    clk_IBUF
    BUFGCTRL_X0Y16       BUFG (Prop_bufg_I_O)         0.029     1.165 r  clk_IBUF_BUFG_inst/O
                         net (fo=364, routed)         0.835     2.000    lb/line1_reg_128_255_0_0/WCLK
    SLICE_X66Y102        RAMD64E                                      r  lb/line1_reg_128_255_0_0/SP.LOW/CLK
                         clock pessimism             -0.501     1.498    
    SLICE_X66Y102        RAMD64E (Hold_ramd64e_CLK_WADR4)
                                                      0.200     1.698    lb/line1_reg_128_255_0_0/SP.LOW
  -------------------------------------------------------------------
                         required time                         -1.698    
                         arrival time                           1.806    
  -------------------------------------------------------------------
                         slack                                  0.107    





Pulse Width Checks
--------------------------------------------------------------------------------------
Clock Name:         sys_clk_pin
Waveform(ns):       { 0.000 5.000 }
Period(ns):         10.000
Sources:            { clk }

Check Type        Corner  Lib Pin             Reference Pin  Required(ns)  Actual(ns)  Slack(ns)  Location       Pin
Min Period        n/a     RAMB18E1/CLKARDCLK  n/a            2.944         10.000      7.056      RAMB18_X1Y43   lb/line2_reg_1/CLKARDCLK
Min Period        n/a     RAMB18E1/CLKARDCLK  n/a            2.944         10.000      7.056      RAMB18_X1Y42   lb/line2_reg_2/CLKARDCLK
Min Period        n/a     RAMB36E1/CLKARDCLK  n/a            2.892         10.000      7.108      RAMB36_X3Y20   bram/U0/inst_blk_mem_gen/gnbram.gnativebmg.native_blk_mem_gen/valid.cstr/ramloop[0].ram.r/prim_init.ram/DEVICE_7SERIES.NO_BMM_INFO.SP.CASCADED_PRIM36.ram_B/CLKARDCLK
Min Period        n/a     RAMB36E1/CLKARDCLK  n/a            2.892         10.000      7.108      RAMB36_X3Y21   bram/U0/inst_blk_mem_gen/gnbram.gnativebmg.native_blk_mem_gen/valid.cstr/ramloop[0].ram.r/prim_init.ram/DEVICE_7SERIES.NO_BMM_INFO.SP.CASCADED_PRIM36.ram_T/CLKARDCLK
Min Period        n/a     RAMB36E1/CLKARDCLK  n/a            2.892         10.000      7.108      RAMB36_X2Y22   bram/U0/inst_blk_mem_gen/gnbram.gnativebmg.native_blk_mem_gen/valid.cstr/ramloop[1].ram.r/prim_init.ram/DEVICE_7SERIES.NO_BMM_INFO.SP.CASCADED_PRIM36.ram_B/CLKARDCLK
Min Period        n/a     RAMB36E1/CLKARDCLK  n/a            2.892         10.000      7.108      RAMB36_X2Y23   bram/U0/inst_blk_mem_gen/gnbram.gnativebmg.native_blk_mem_gen/valid.cstr/ramloop[1].ram.r/prim_init.ram/DEVICE_7SERIES.NO_BMM_INFO.SP.CASCADED_PRIM36.ram_T/CLKARDCLK
Min Period        n/a     RAMB36E1/CLKARDCLK  n/a            2.892         10.000      7.108      RAMB36_X2Y18   bram/U0/inst_blk_mem_gen/gnbram.gnativebmg.native_blk_mem_gen/valid.cstr/ramloop[2].ram.r/prim_init.ram/DEVICE_7SERIES.NO_BMM_INFO.SP.CASCADED_PRIM36.ram_B/CLKARDCLK
Min Period        n/a     RAMB36E1/CLKARDCLK  n/a            2.892         10.000      7.108      RAMB36_X2Y19   bram/U0/inst_blk_mem_gen/gnbram.gnativebmg.native_blk_mem_gen/valid.cstr/ramloop[2].ram.r/prim_init.ram/DEVICE_7SERIES.NO_BMM_INFO.SP.CASCADED_PRIM36.ram_T/CLKARDCLK
Min Period        n/a     RAMB36E1/CLKARDCLK  n/a            2.892         10.000      7.108      RAMB36_X1Y22   bram/U0/inst_blk_mem_gen/gnbram.gnativebmg.native_blk_mem_gen/valid.cstr/ramloop[3].ram.r/prim_init.ram/DEVICE_7SERIES.NO_BMM_INFO.SP.CASCADED_PRIM36.ram_B/CLKARDCLK
Min Period        n/a     RAMB36E1/CLKARDCLK  n/a            2.892         10.000      7.108      RAMB36_X1Y23   bram/U0/inst_blk_mem_gen/gnbram.gnativebmg.native_blk_mem_gen/valid.cstr/ramloop[3].ram.r/prim_init.ram/DEVICE_7SERIES.NO_BMM_INFO.SP.CASCADED_PRIM36.ram_T/CLKARDCLK
Low Pulse Width   Slow    RAMD64E/CLK         n/a            1.250         5.000       3.750      SLICE_X66Y105  lb/line0_reg_0_127_0_0/DP.HIGH/CLK
Low Pulse Width   Fast    RAMD64E/CLK         n/a            1.250         5.000       3.750      SLICE_X66Y105  lb/line0_reg_0_127_0_0/DP.HIGH/CLK
Low Pulse Width   Slow    RAMD64E/CLK         n/a            1.250         5.000       3.750      SLICE_X66Y105  lb/line0_reg_0_127_0_0/DP.LOW/CLK
Low Pulse Width   Fast    RAMD64E/CLK         n/a            1.250         5.000       3.750      SLICE_X66Y105  lb/line0_reg_0_127_0_0/DP.LOW/CLK
Low Pulse Width   Slow    RAMD64E/CLK         n/a            1.250         5.000       3.750      SLICE_X66Y105  lb/line0_reg_0_127_0_0/SP.HIGH/CLK
Low Pulse Width   Fast    RAMD64E/CLK         n/a            1.250         5.000       3.750      SLICE_X66Y105  lb/line0_reg_0_127_0_0/SP.HIGH/CLK
Low Pulse Width   Slow    RAMD64E/CLK         n/a            1.250         5.000       3.750      SLICE_X66Y105  lb/line0_reg_0_127_0_0/SP.LOW/CLK
Low Pulse Width   Fast    RAMD64E/CLK         n/a            1.250         5.000       3.750      SLICE_X66Y105  lb/line0_reg_0_127_0_0/SP.LOW/CLK
Low Pulse Width   Slow    RAMD64E/CLK         n/a            1.250         5.000       3.750      SLICE_X60Y103  lb/line0_reg_0_127_1_1/DP.HIGH/CLK
Low Pulse Width   Fast    RAMD64E/CLK         n/a            1.250         5.000       3.750      SLICE_X60Y103  lb/line0_reg_0_127_1_1/DP.HIGH/CLK
High Pulse Width  Slow    RAMD64E/CLK         n/a            1.250         5.000       3.750      SLICE_X66Y105  lb/line0_reg_0_127_0_0/DP.HIGH/CLK
High Pulse Width  Fast    RAMD64E/CLK         n/a            1.250         5.000       3.750      SLICE_X66Y105  lb/line0_reg_0_127_0_0/DP.HIGH/CLK
High Pulse Width  Slow    RAMD64E/CLK         n/a            1.250         5.000       3.750      SLICE_X66Y105  lb/line0_reg_0_127_0_0/DP.LOW/CLK
High Pulse Width  Fast    RAMD64E/CLK         n/a            1.250         5.000       3.750      SLICE_X66Y105  lb/line0_reg_0_127_0_0/DP.LOW/CLK
High Pulse Width  Slow    RAMD64E/CLK         n/a            1.250         5.000       3.750      SLICE_X66Y105  lb/line0_reg_0_127_0_0/SP.HIGH/CLK
High Pulse Width  Fast    RAMD64E/CLK         n/a            1.250         5.000       3.750      SLICE_X66Y105  lb/line0_reg_0_127_0_0/SP.HIGH/CLK
High Pulse Width  Slow    RAMD64E/CLK         n/a            1.250         5.000       3.750      SLICE_X66Y105  lb/line0_reg_0_127_0_0/SP.LOW/CLK
High Pulse Width  Fast    RAMD64E/CLK         n/a            1.250         5.000       3.750      SLICE_X66Y105  lb/line0_reg_0_127_0_0/SP.LOW/CLK
High Pulse Width  Slow    RAMD64E/CLK         n/a            1.250         5.000       3.750      SLICE_X60Y103  lb/line0_reg_0_127_1_1/DP.HIGH/CLK
High Pulse Width  Fast    RAMD64E/CLK         n/a            1.250         5.000       3.750      SLICE_X60Y103  lb/line0_reg_0_127_1_1/DP.HIGH/CLK



--------------------------------------------------------------------------------------
Path Group:  (none)
From Clock:  sys_clk_pin
  To Clock:  

Max Delay            14 Endpoints
Min Delay            14 Endpoints
--------------------------------------------------------------------------------------


Max Delay Paths
--------------------------------------------------------------------------------------
Slack:                    inf
  Source:                 vga/vsync_reg/C
                            (rising edge-triggered cell FDRE clocked by sys_clk_pin  {rise@0.000ns fall@5.000ns period=10.000ns})
  Destination:            vsync
                            (output port)
  Path Group:             (none)
  Path Type:              Max at Slow Process Corner
  Data Path Delay:        8.743ns  (logic 4.083ns (46.703%)  route 4.660ns (53.297%))
  Logic Levels:           1  (OBUF=1)
  Clock Uncertainty:      0.025ns  ((TSJ^2 + TIJ^2)^1/2 + DJ) / 2 + PE
    Total System Jitter     (TSJ):    0.050ns
    Total Input Jitter      (TIJ):    0.000ns
    Discrete Jitter          (DJ):    0.000ns
    Phase Error              (PE):    0.000ns

    Location             Delay type                Incr(ns)  Path(ns)    Netlist Resource(s)
  -------------------------------------------------------------------    -------------------
                         (clock sys_clk_pin rise edge)
                                                      0.000     0.000 r  
    E3                                                0.000     0.000 r  clk (IN)
                         net (fo=0)                   0.000     0.000    clk
    E3                   IBUF (Prop_ibuf_I_O)         1.482     1.482 r  clk_IBUF_inst/O
                         net (fo=1, routed)           2.025     3.506    clk_IBUF
    BUFGCTRL_X0Y16       BUFG (Prop_bufg_I_O)         0.096     3.602 r  clk_IBUF_BUFG_inst/O
                         net (fo=364, routed)         1.617     5.219    vga/clk_IBUF_BUFG
    SLICE_X70Y103        FDRE                                         r  vga/vsync_reg/C
  -------------------------------------------------------------------    -------------------
    SLICE_X70Y103        FDRE (Prop_fdre_C_Q)         0.518     5.737 r  vga/vsync_reg/Q
                         net (fo=1, routed)           4.660    10.397    vsync_OBUF
    B12                  OBUF (Prop_obuf_I_O)         3.565    13.962 r  vsync_OBUF_inst/O
                         net (fo=0)                   0.000    13.962    vsync
    B12                                                               r  vsync (OUT)
  -------------------------------------------------------------------    -------------------

Slack:                    inf
  Source:                 vga/hsync_reg/C
                            (rising edge-triggered cell FDRE clocked by sys_clk_pin  {rise@0.000ns fall@5.000ns period=10.000ns})
  Destination:            hsync
                            (output port)
  Path Group:             (none)
  Path Type:              Max at Slow Process Corner
  Data Path Delay:        8.396ns  (logic 4.021ns (47.884%)  route 4.376ns (52.116%))
  Logic Levels:           1  (OBUF=1)
  Clock Uncertainty:      0.025ns  ((TSJ^2 + TIJ^2)^1/2 + DJ) / 2 + PE
    Total System Jitter     (TSJ):    0.050ns
    Total Input Jitter      (TIJ):    0.000ns
    Discrete Jitter          (DJ):    0.000ns
    Phase Error              (PE):    0.000ns

    Location             Delay type                Incr(ns)  Path(ns)    Netlist Resource(s)
  -------------------------------------------------------------------    -------------------
                         (clock sys_clk_pin rise edge)
                                                      0.000     0.000 r  
    E3                                                0.000     0.000 r  clk (IN)
                         net (fo=0)                   0.000     0.000    clk
    E3                   IBUF (Prop_ibuf_I_O)         1.482     1.482 r  clk_IBUF_inst/O
                         net (fo=1, routed)           2.025     3.506    clk_IBUF
    BUFGCTRL_X0Y16       BUFG (Prop_bufg_I_O)         0.096     3.602 r  clk_IBUF_BUFG_inst/O
                         net (fo=364, routed)         1.617     5.219    vga/clk_IBUF_BUFG
    SLICE_X67Y103        FDRE                                         r  vga/hsync_reg/C
  -------------------------------------------------------------------    -------------------
    SLICE_X67Y103        FDRE (Prop_fdre_C_Q)         0.456     5.675 r  vga/hsync_reg/Q
                         net (fo=1, routed)           4.376    10.051    hsync_OBUF
    B11                  OBUF (Prop_obuf_I_O)         3.565    13.616 r  hsync_OBUF_inst/O
                         net (fo=0)                   0.000    13.616    hsync
    B11                                                               r  hsync (OUT)
  -------------------------------------------------------------------    -------------------

Slack:                    inf
  Source:                 r_reg[0]_lopt_replica_2/C
                            (rising edge-triggered cell FDRE clocked by sys_clk_pin  {rise@0.000ns fall@5.000ns period=10.000ns})
  Destination:            vga_g[0]
                            (output port)
  Path Group:             (none)
  Path Type:              Max at Slow Process Corner
  Data Path Delay:        7.227ns  (logic 4.056ns (56.129%)  route 3.170ns (43.871%))
  Logic Levels:           1  (OBUF=1)
  Clock Uncertainty:      0.025ns  ((TSJ^2 + TIJ^2)^1/2 + DJ) / 2 + PE
    Total System Jitter     (TSJ):    0.050ns
    Total Input Jitter      (TIJ):    0.000ns
    Discrete Jitter          (DJ):    0.000ns
    Phase Error              (PE):    0.000ns

    Location             Delay type                Incr(ns)  Path(ns)    Netlist Resource(s)
  -------------------------------------------------------------------    -------------------
                         (clock sys_clk_pin rise edge)
                                                      0.000     0.000 r  
    E3                                                0.000     0.000 r  clk (IN)
                         net (fo=0)                   0.000     0.000    clk
    E3                   IBUF (Prop_ibuf_I_O)         1.482     1.482 r  clk_IBUF_inst/O
                         net (fo=1, routed)           2.025     3.506    clk_IBUF
    BUFGCTRL_X0Y16       BUFG (Prop_bufg_I_O)         0.096     3.602 r  clk_IBUF_BUFG_inst/O
                         net (fo=364, routed)         1.694     5.296    clk_IBUF_BUFG
    SLICE_X76Y115        FDRE                                         r  r_reg[0]_lopt_replica_2/C
  -------------------------------------------------------------------    -------------------
    SLICE_X76Y115        FDRE (Prop_fdre_C_Q)         0.518     5.814 r  r_reg[0]_lopt_replica_2/Q
                         net (fo=1, routed)           3.170     8.985    r_reg[0]_lopt_replica_2_1
    C6                   OBUF (Prop_obuf_I_O)         3.538    12.523 r  vga_g_OBUF[0]_inst/O
                         net (fo=0)                   0.000    12.523    vga_g[0]
    C6                                                                r  vga_g[0] (OUT)
  -------------------------------------------------------------------    -------------------

Slack:                    inf
  Source:                 r_reg[2]/C
                            (rising edge-triggered cell FDRE clocked by sys_clk_pin  {rise@0.000ns fall@5.000ns period=10.000ns})
  Destination:            vga_r[2]
                            (output port)
  Path Group:             (none)
  Path Type:              Max at Slow Process Corner
  Data Path Delay:        7.118ns  (logic 3.991ns (56.073%)  route 3.127ns (43.927%))
  Logic Levels:           1  (OBUF=1)
  Clock Uncertainty:      0.025ns  ((TSJ^2 + TIJ^2)^1/2 + DJ) / 2 + PE
    Total System Jitter     (TSJ):    0.050ns
    Total Input Jitter      (TIJ):    0.000ns
    Discrete Jitter          (DJ):    0.000ns
    Phase Error              (PE):    0.000ns

    Location             Delay type                Incr(ns)  Path(ns)    Netlist Resource(s)
  -------------------------------------------------------------------    -------------------
                         (clock sys_clk_pin rise edge)
                                                      0.000     0.000 r  
    E3                                                0.000     0.000 r  clk (IN)
                         net (fo=0)                   0.000     0.000    clk
    E3                   IBUF (Prop_ibuf_I_O)         1.482     1.482 r  clk_IBUF_inst/O
                         net (fo=1, routed)           2.025     3.506    clk_IBUF
    BUFGCTRL_X0Y16       BUFG (Prop_bufg_I_O)         0.096     3.602 r  clk_IBUF_BUFG_inst/O
                         net (fo=364, routed)         1.692     5.294    clk_IBUF_BUFG
    SLICE_X77Y117        FDRE                                         r  r_reg[2]/C
  -------------------------------------------------------------------    -------------------
    SLICE_X77Y117        FDRE (Prop_fdre_C_Q)         0.456     5.750 r  r_reg[2]/Q
                         net (fo=1, routed)           3.127     8.877    vga_b_OBUF[2]
    C5                   OBUF (Prop_obuf_I_O)         3.535    12.412 r  vga_r_OBUF[2]_inst/O
                         net (fo=0)                   0.000    12.412    vga_r[2]
    C5                                                                r  vga_r[2] (OUT)
  -------------------------------------------------------------------    -------------------

Slack:                    inf
  Source:                 r_reg[1]_lopt_replica_2/C
                            (rising edge-triggered cell FDRE clocked by sys_clk_pin  {rise@0.000ns fall@5.000ns period=10.000ns})
  Destination:            vga_g[1]
                            (output port)
  Path Group:             (none)
  Path Type:              Max at Slow Process Corner
  Data Path Delay:        7.049ns  (logic 4.063ns (57.632%)  route 2.987ns (42.368%))
  Logic Levels:           1  (OBUF=1)
  Clock Uncertainty:      0.025ns  ((TSJ^2 + TIJ^2)^1/2 + DJ) / 2 + PE
    Total System Jitter     (TSJ):    0.050ns
    Total Input Jitter      (TIJ):    0.000ns
    Discrete Jitter          (DJ):    0.000ns
    Phase Error              (PE):    0.000ns

    Location             Delay type                Incr(ns)  Path(ns)    Netlist Resource(s)
  -------------------------------------------------------------------    -------------------
                         (clock sys_clk_pin rise edge)
                                                      0.000     0.000 r  
    E3                                                0.000     0.000 r  clk (IN)
                         net (fo=0)                   0.000     0.000    clk
    E3                   IBUF (Prop_ibuf_I_O)         1.482     1.482 r  clk_IBUF_inst/O
                         net (fo=1, routed)           2.025     3.506    clk_IBUF
    BUFGCTRL_X0Y16       BUFG (Prop_bufg_I_O)         0.096     3.602 r  clk_IBUF_BUFG_inst/O
                         net (fo=364, routed)         1.694     5.296    clk_IBUF_BUFG
    SLICE_X76Y115        FDRE                                         r  r_reg[1]_lopt_replica_2/C
  -------------------------------------------------------------------    -------------------
    SLICE_X76Y115        FDRE (Prop_fdre_C_Q)         0.518     5.814 r  r_reg[1]_lopt_replica_2/Q
                         net (fo=1, routed)           2.987     8.801    r_reg[1]_lopt_replica_2_1
    A5                   OBUF (Prop_obuf_I_O)         3.545    12.346 r  vga_g_OBUF[1]_inst/O
                         net (fo=0)                   0.000    12.346    vga_g[1]
    A5                                                                r  vga_g[1] (OUT)
  -------------------------------------------------------------------    -------------------

Slack:                    inf
  Source:                 r_reg[1]_lopt_replica/C
                            (rising edge-triggered cell FDRE clocked by sys_clk_pin  {rise@0.000ns fall@5.000ns period=10.000ns})
  Destination:            vga_b[1]
                            (output port)
  Path Group:             (none)
  Path Type:              Max at Slow Process Corner
  Data Path Delay:        7.042ns  (logic 4.069ns (57.785%)  route 2.973ns (42.215%))
  Logic Levels:           1  (OBUF=1)
  Clock Uncertainty:      0.025ns  ((TSJ^2 + TIJ^2)^1/2 + DJ) / 2 + PE
    Total System Jitter     (TSJ):    0.050ns
    Total Input Jitter      (TIJ):    0.000ns
    Discrete Jitter          (DJ):    0.000ns
    Phase Error              (PE):    0.000ns

    Location             Delay type                Incr(ns)  Path(ns)    Netlist Resource(s)
  -------------------------------------------------------------------    -------------------
                         (clock sys_clk_pin rise edge)
                                                      0.000     0.000 r  
    E3                                                0.000     0.000 r  clk (IN)
                         net (fo=0)                   0.000     0.000    clk
    E3                   IBUF (Prop_ibuf_I_O)         1.482     1.482 r  clk_IBUF_inst/O
                         net (fo=1, routed)           2.025     3.506    clk_IBUF
    BUFGCTRL_X0Y16       BUFG (Prop_bufg_I_O)         0.096     3.602 r  clk_IBUF_BUFG_inst/O
                         net (fo=364, routed)         1.694     5.296    clk_IBUF_BUFG
    SLICE_X76Y115        FDRE                                         r  r_reg[1]_lopt_replica/C
  -------------------------------------------------------------------    -------------------
    SLICE_X76Y115        FDRE (Prop_fdre_C_Q)         0.518     5.814 r  r_reg[1]_lopt_replica/Q
                         net (fo=1, routed)           2.973     8.787    r_reg[1]_lopt_replica_1
    C7                   OBUF (Prop_obuf_I_O)         3.551    12.338 r  vga_b_OBUF[1]_inst/O
                         net (fo=0)                   0.000    12.338    vga_b[1]
    C7                                                                r  vga_b[1] (OUT)
  -------------------------------------------------------------------    -------------------

Slack:                    inf
  Source:                 r_reg[3]_lopt_replica_2/C
                            (rising edge-triggered cell FDRE clocked by sys_clk_pin  {rise@0.000ns fall@5.000ns period=10.000ns})
  Destination:            vga_g[3]
                            (output port)
  Path Group:             (none)
  Path Type:              Max at Slow Process Corner
  Data Path Delay:        7.041ns  (logic 4.064ns (57.728%)  route 2.976ns (42.272%))
  Logic Levels:           1  (OBUF=1)
  Clock Uncertainty:      0.025ns  ((TSJ^2 + TIJ^2)^1/2 + DJ) / 2 + PE
    Total System Jitter     (TSJ):    0.050ns
    Total Input Jitter      (TIJ):    0.000ns
    Discrete Jitter          (DJ):    0.000ns
    Phase Error              (PE):    0.000ns

    Location             Delay type                Incr(ns)  Path(ns)    Netlist Resource(s)
  -------------------------------------------------------------------    -------------------
                         (clock sys_clk_pin rise edge)
                                                      0.000     0.000 r  
    E3                                                0.000     0.000 r  clk (IN)
                         net (fo=0)                   0.000     0.000    clk
    E3                   IBUF (Prop_ibuf_I_O)         1.482     1.482 r  clk_IBUF_inst/O
                         net (fo=1, routed)           2.025     3.506    clk_IBUF
    BUFGCTRL_X0Y16       BUFG (Prop_bufg_I_O)         0.096     3.602 r  clk_IBUF_BUFG_inst/O
                         net (fo=364, routed)         1.692     5.294    clk_IBUF_BUFG
    SLICE_X76Y117        FDRE                                         r  r_reg[3]_lopt_replica_2/C
  -------------------------------------------------------------------    -------------------
    SLICE_X76Y117        FDRE (Prop_fdre_C_Q)         0.518     5.812 r  r_reg[3]_lopt_replica_2/Q
                         net (fo=1, routed)           2.976     8.789    r_reg[3]_lopt_replica_2_1
    A6                   OBUF (Prop_obuf_I_O)         3.546    12.335 r  vga_g_OBUF[3]_inst/O
                         net (fo=0)                   0.000    12.335    vga_g[3]
    A6                                                                r  vga_g[3] (OUT)
  -------------------------------------------------------------------    -------------------

Slack:                    inf
  Source:                 r_reg[2]_lopt_replica_2/C
                            (rising edge-triggered cell FDRE clocked by sys_clk_pin  {rise@0.000ns fall@5.000ns period=10.000ns})
  Destination:            vga_g[2]
                            (output port)
  Path Group:             (none)
  Path Type:              Max at Slow Process Corner
  Data Path Delay:        7.039ns  (logic 4.064ns (57.741%)  route 2.975ns (42.259%))
  Logic Levels:           1  (OBUF=1)
  Clock Uncertainty:      0.025ns  ((TSJ^2 + TIJ^2)^1/2 + DJ) / 2 + PE
    Total System Jitter     (TSJ):    0.050ns
    Total Input Jitter      (TIJ):    0.000ns
    Discrete Jitter          (DJ):    0.000ns
    Phase Error              (PE):    0.000ns

    Location             Delay type                Incr(ns)  Path(ns)    Netlist Resource(s)
  -------------------------------------------------------------------    -------------------
                         (clock sys_clk_pin rise edge)
                                                      0.000     0.000 r  
    E3                                                0.000     0.000 r  clk (IN)
                         net (fo=0)                   0.000     0.000    clk
    E3                   IBUF (Prop_ibuf_I_O)         1.482     1.482 r  clk_IBUF_inst/O
                         net (fo=1, routed)           2.025     3.506    clk_IBUF
    BUFGCTRL_X0Y16       BUFG (Prop_bufg_I_O)         0.096     3.602 r  clk_IBUF_BUFG_inst/O
                         net (fo=364, routed)         1.692     5.294    clk_IBUF_BUFG
    SLICE_X76Y117        FDRE                                         r  r_reg[2]_lopt_replica_2/C
  -------------------------------------------------------------------    -------------------
    SLICE_X76Y117        FDRE (Prop_fdre_C_Q)         0.518     5.812 r  r_reg[2]_lopt_replica_2/Q
                         net (fo=1, routed)           2.975     8.787    r_reg[2]_lopt_replica_2_1
    B6                   OBUF (Prop_obuf_I_O)         3.546    12.333 r  vga_g_OBUF[2]_inst/O
                         net (fo=0)                   0.000    12.333    vga_g[2]
    B6                                                                r  vga_g[2] (OUT)
  -------------------------------------------------------------------    -------------------

Slack:                    inf
  Source:                 r_reg[0]_lopt_replica/C
                            (rising edge-triggered cell FDRE clocked by sys_clk_pin  {rise@0.000ns fall@5.000ns period=10.000ns})
  Destination:            vga_b[0]
                            (output port)
  Path Group:             (none)
  Path Type:              Max at Slow Process Corner
  Data Path Delay:        7.019ns  (logic 4.003ns (57.029%)  route 3.016ns (42.971%))
  Logic Levels:           1  (OBUF=1)
  Clock Uncertainty:      0.025ns  ((TSJ^2 + TIJ^2)^1/2 + DJ) / 2 + PE
    Total System Jitter     (TSJ):    0.050ns
    Total Input Jitter      (TIJ):    0.000ns
    Discrete Jitter          (DJ):    0.000ns
    Phase Error              (PE):    0.000ns

    Location             Delay type                Incr(ns)  Path(ns)    Netlist Resource(s)
  -------------------------------------------------------------------    -------------------
                         (clock sys_clk_pin rise edge)
                                                      0.000     0.000 r  
    E3                                                0.000     0.000 r  clk (IN)
                         net (fo=0)                   0.000     0.000    clk
    E3                   IBUF (Prop_ibuf_I_O)         1.482     1.482 r  clk_IBUF_inst/O
                         net (fo=1, routed)           2.025     3.506    clk_IBUF
    BUFGCTRL_X0Y16       BUFG (Prop_bufg_I_O)         0.096     3.602 r  clk_IBUF_BUFG_inst/O
                         net (fo=364, routed)         1.694     5.296    clk_IBUF_BUFG
    SLICE_X77Y115        FDRE                                         r  r_reg[0]_lopt_replica/C
  -------------------------------------------------------------------    -------------------
    SLICE_X77Y115        FDRE (Prop_fdre_C_Q)         0.456     5.752 r  r_reg[0]_lopt_replica/Q
                         net (fo=1, routed)           3.016     8.768    r_reg[0]_lopt_replica_1
    B7                   OBUF (Prop_obuf_I_O)         3.547    12.315 r  vga_b_OBUF[0]_inst/O
                         net (fo=0)                   0.000    12.315    vga_b[0]
    B7                                                                r  vga_b[0] (OUT)
  -------------------------------------------------------------------    -------------------

Slack:                    inf
  Source:                 r_reg[3]_lopt_replica/C
                            (rising edge-triggered cell FDRE clocked by sys_clk_pin  {rise@0.000ns fall@5.000ns period=10.000ns})
  Destination:            vga_b[3]
                            (output port)
  Path Group:             (none)
  Path Type:              Max at Slow Process Corner
  Data Path Delay:        6.895ns  (logic 4.070ns (59.025%)  route 2.825ns (40.975%))
  Logic Levels:           1  (OBUF=1)
  Clock Uncertainty:      0.025ns  ((TSJ^2 + TIJ^2)^1/2 + DJ) / 2 + PE
    Total System Jitter     (TSJ):    0.050ns
    Total Input Jitter      (TIJ):    0.000ns
    Discrete Jitter          (DJ):    0.000ns
    Phase Error              (PE):    0.000ns

    Location             Delay type                Incr(ns)  Path(ns)    Netlist Resource(s)
  -------------------------------------------------------------------    -------------------
                         (clock sys_clk_pin rise edge)
                                                      0.000     0.000 r  
    E3                                                0.000     0.000 r  clk (IN)
                         net (fo=0)                   0.000     0.000    clk
    E3                   IBUF (Prop_ibuf_I_O)         1.482     1.482 r  clk_IBUF_inst/O
                         net (fo=1, routed)           2.025     3.506    clk_IBUF
    BUFGCTRL_X0Y16       BUFG (Prop_bufg_I_O)         0.096     3.602 r  clk_IBUF_BUFG_inst/O
                         net (fo=364, routed)         1.692     5.294    clk_IBUF_BUFG
    SLICE_X76Y117        FDRE                                         r  r_reg[3]_lopt_replica/C
  -------------------------------------------------------------------    -------------------
    SLICE_X76Y117        FDRE (Prop_fdre_C_Q)         0.518     5.812 r  r_reg[3]_lopt_replica/Q
                         net (fo=1, routed)           2.825     8.637    r_reg[3]_lopt_replica_1
    D8                   OBUF (Prop_obuf_I_O)         3.552    12.189 r  vga_b_OBUF[3]_inst/O
                         net (fo=0)                   0.000    12.189    vga_b[3]
    D8                                                                r  vga_b[3] (OUT)
  -------------------------------------------------------------------    -------------------





Min Delay Paths
--------------------------------------------------------------------------------------
Slack:                    inf
  Source:                 r_reg[2]_lopt_replica/C
                            (rising edge-triggered cell FDRE clocked by sys_clk_pin  {rise@0.000ns fall@5.000ns period=10.000ns})
  Destination:            vga_b[2]
                            (output port)
  Path Group:             (none)
  Path Type:              Min at Fast Process Corner
  Data Path Delay:        2.181ns  (logic 1.365ns (62.590%)  route 0.816ns (37.410%))
  Logic Levels:           1  (OBUF=1)
  Clock Uncertainty:      0.025ns  ((TSJ^2 + TIJ^2)^1/2 + DJ) / 2 + PE
    Total System Jitter     (TSJ):    0.050ns
    Total Input Jitter      (TIJ):    0.000ns
    Discrete Jitter          (DJ):    0.000ns
    Phase Error              (PE):    0.000ns

    Location             Delay type                Incr(ns)  Path(ns)    Netlist Resource(s)
  -------------------------------------------------------------------    -------------------
                         (clock sys_clk_pin rise edge)
                                                      0.000     0.000 r  
    E3                                                0.000     0.000 r  clk (IN)
                         net (fo=0)                   0.000     0.000    clk
    E3                   IBUF (Prop_ibuf_I_O)         0.250     0.250 r  clk_IBUF_inst/O
                         net (fo=1, routed)           0.644     0.894    clk_IBUF
    BUFGCTRL_X0Y16       BUFG (Prop_bufg_I_O)         0.026     0.920 r  clk_IBUF_BUFG_inst/O
                         net (fo=364, routed)         0.585     1.504    clk_IBUF_BUFG
    SLICE_X77Y117        FDRE                                         r  r_reg[2]_lopt_replica/C
  -------------------------------------------------------------------    -------------------
    SLICE_X77Y117        FDRE (Prop_fdre_C_Q)         0.141     1.645 r  r_reg[2]_lopt_replica/Q
                         net (fo=1, routed)           0.816     2.462    r_reg[2]_lopt_replica_1
    D7                   OBUF (Prop_obuf_I_O)         1.224     3.686 r  vga_b_OBUF[2]_inst/O
                         net (fo=0)                   0.000     3.686    vga_b[2]
    D7                                                                r  vga_b[2] (OUT)
  -------------------------------------------------------------------    -------------------

Slack:                    inf
  Source:                 r_reg[1]/C
                            (rising edge-triggered cell FDRE clocked by sys_clk_pin  {rise@0.000ns fall@5.000ns period=10.000ns})
  Destination:            vga_r[1]
                            (output port)
  Path Group:             (none)
  Path Type:              Min at Fast Process Corner
  Data Path Delay:        2.213ns  (logic 1.413ns (63.841%)  route 0.800ns (36.159%))
  Logic Levels:           1  (OBUF=1)
  Clock Uncertainty:      0.025ns  ((TSJ^2 + TIJ^2)^1/2 + DJ) / 2 + PE
    Total System Jitter     (TSJ):    0.050ns
    Total Input Jitter      (TIJ):    0.000ns
    Discrete Jitter          (DJ):    0.000ns
    Phase Error              (PE):    0.000ns

    Location             Delay type                Incr(ns)  Path(ns)    Netlist Resource(s)
  -------------------------------------------------------------------    -------------------
                         (clock sys_clk_pin rise edge)
                                                      0.000     0.000 r  
    E3                                                0.000     0.000 r  clk (IN)
                         net (fo=0)                   0.000     0.000    clk
    E3                   IBUF (Prop_ibuf_I_O)         0.250     0.250 r  clk_IBUF_inst/O
                         net (fo=1, routed)           0.644     0.894    clk_IBUF
    BUFGCTRL_X0Y16       BUFG (Prop_bufg_I_O)         0.026     0.920 r  clk_IBUF_BUFG_inst/O
                         net (fo=364, routed)         0.587     1.506    clk_IBUF_BUFG
    SLICE_X76Y115        FDRE                                         r  r_reg[1]/C
  -------------------------------------------------------------------    -------------------
    SLICE_X76Y115        FDRE (Prop_fdre_C_Q)         0.164     1.670 r  r_reg[1]/Q
                         net (fo=1, routed)           0.800     2.471    vga_b_OBUF[1]
    B4                   OBUF (Prop_obuf_I_O)         1.249     3.720 r  vga_r_OBUF[1]_inst/O
                         net (fo=0)                   0.000     3.720    vga_r[1]
    B4                                                                r  vga_r[1] (OUT)
  -------------------------------------------------------------------    -------------------

Slack:                    inf
  Source:                 r_reg[3]/C
                            (rising edge-triggered cell FDRE clocked by sys_clk_pin  {rise@0.000ns fall@5.000ns period=10.000ns})
  Destination:            vga_r[3]
                            (output port)
  Path Group:             (none)
  Path Type:              Min at Fast Process Corner
  Data Path Delay:        2.217ns  (logic 1.416ns (63.893%)  route 0.800ns (36.107%))
  Logic Levels:           1  (OBUF=1)
  Clock Uncertainty:      0.025ns  ((TSJ^2 + TIJ^2)^1/2 + DJ) / 2 + PE
    Total System Jitter     (TSJ):    0.050ns
    Total Input Jitter      (TIJ):    0.000ns
    Discrete Jitter          (DJ):    0.000ns
    Phase Error              (PE):    0.000ns

    Location             Delay type                Incr(ns)  Path(ns)    Netlist Resource(s)
  -------------------------------------------------------------------    -------------------
                         (clock sys_clk_pin rise edge)
                                                      0.000     0.000 r  
    E3                                                0.000     0.000 r  clk (IN)
                         net (fo=0)                   0.000     0.000    clk
    E3                   IBUF (Prop_ibuf_I_O)         0.250     0.250 r  clk_IBUF_inst/O
                         net (fo=1, routed)           0.644     0.894    clk_IBUF
    BUFGCTRL_X0Y16       BUFG (Prop_bufg_I_O)         0.026     0.920 r  clk_IBUF_BUFG_inst/O
                         net (fo=364, routed)         0.585     1.504    clk_IBUF_BUFG
    SLICE_X76Y117        FDRE                                         r  r_reg[3]/C
  -------------------------------------------------------------------    -------------------
    SLICE_X76Y117        FDRE (Prop_fdre_C_Q)         0.164     1.668 r  r_reg[3]/Q
                         net (fo=1, routed)           0.800     2.469    vga_b_OBUF[3]
    A4                   OBUF (Prop_obuf_I_O)         1.252     3.721 r  vga_r_OBUF[3]_inst/O
                         net (fo=0)                   0.000     3.721    vga_r[3]
    A4                                                                r  vga_r[3] (OUT)
  -------------------------------------------------------------------    -------------------

Slack:                    inf
  Source:                 r_reg[0]/C
                            (rising edge-triggered cell FDRE clocked by sys_clk_pin  {rise@0.000ns fall@5.000ns period=10.000ns})
  Destination:            vga_r[0]
                            (output port)
  Path Group:             (none)
  Path Type:              Min at Fast Process Corner
  Data Path Delay:        2.249ns  (logic 1.395ns (62.054%)  route 0.853ns (37.946%))
  Logic Levels:           1  (OBUF=1)
  Clock Uncertainty:      0.025ns  ((TSJ^2 + TIJ^2)^1/2 + DJ) / 2 + PE
    Total System Jitter     (TSJ):    0.050ns
    Total Input Jitter      (TIJ):    0.000ns
    Discrete Jitter          (DJ):    0.000ns
    Phase Error              (PE):    0.000ns

    Location             Delay type                Incr(ns)  Path(ns)    Netlist Resource(s)
  -------------------------------------------------------------------    -------------------
                         (clock sys_clk_pin rise edge)
                                                      0.000     0.000 r  
    E3                                                0.000     0.000 r  clk (IN)
                         net (fo=0)                   0.000     0.000    clk
    E3                   IBUF (Prop_ibuf_I_O)         0.250     0.250 r  clk_IBUF_inst/O
                         net (fo=1, routed)           0.644     0.894    clk_IBUF
    BUFGCTRL_X0Y16       BUFG (Prop_bufg_I_O)         0.026     0.920 r  clk_IBUF_BUFG_inst/O
                         net (fo=364, routed)         0.587     1.506    clk_IBUF_BUFG
    SLICE_X77Y115        FDRE                                         r  r_reg[0]/C
  -------------------------------------------------------------------    -------------------
    SLICE_X77Y115        FDRE (Prop_fdre_C_Q)         0.141     1.647 r  r_reg[0]/Q
                         net (fo=1, routed)           0.853     2.501    vga_b_OBUF[0]
    A3                   OBUF (Prop_obuf_I_O)         1.254     3.755 r  vga_r_OBUF[0]_inst/O
                         net (fo=0)                   0.000     3.755    vga_r[0]
    A3                                                                r  vga_r[0] (OUT)
  -------------------------------------------------------------------    -------------------

Slack:                    inf
  Source:                 r_reg[3]_lopt_replica/C
                            (rising edge-triggered cell FDRE clocked by sys_clk_pin  {rise@0.000ns fall@5.000ns period=10.000ns})
  Destination:            vga_b[3]
                            (output port)
  Path Group:             (none)
  Path Type:              Min at Fast Process Corner
  Data Path Delay:        2.320ns  (logic 1.416ns (61.036%)  route 0.904ns (38.964%))
  Logic Levels:           1  (OBUF=1)
  Clock Uncertainty:      0.025ns  ((TSJ^2 + TIJ^2)^1/2 + DJ) / 2 + PE
    Total System Jitter     (TSJ):    0.050ns
    Total Input Jitter      (TIJ):    0.000ns
    Discrete Jitter          (DJ):    0.000ns
    Phase Error              (PE):    0.000ns

    Location             Delay type                Incr(ns)  Path(ns)    Netlist Resource(s)
  -------------------------------------------------------------------    -------------------
                         (clock sys_clk_pin rise edge)
                                                      0.000     0.000 r  
    E3                                                0.000     0.000 r  clk (IN)
                         net (fo=0)                   0.000     0.000    clk
    E3                   IBUF (Prop_ibuf_I_O)         0.250     0.250 r  clk_IBUF_inst/O
                         net (fo=1, routed)           0.644     0.894    clk_IBUF
    BUFGCTRL_X0Y16       BUFG (Prop_bufg_I_O)         0.026     0.920 r  clk_IBUF_BUFG_inst/O
                         net (fo=364, routed)         0.585     1.504    clk_IBUF_BUFG
    SLICE_X76Y117        FDRE                                         r  r_reg[3]_lopt_replica/C
  -------------------------------------------------------------------    -------------------
    SLICE_X76Y117        FDRE (Prop_fdre_C_Q)         0.164     1.668 r  r_reg[3]_lopt_replica/Q
                         net (fo=1, routed)           0.904     2.573    r_reg[3]_lopt_replica_1
    D8                   OBUF (Prop_obuf_I_O)         1.252     3.825 r  vga_b_OBUF[3]_inst/O
                         net (fo=0)                   0.000     3.825    vga_b[3]
    D8                                                                r  vga_b[3] (OUT)
  -------------------------------------------------------------------    -------------------

Slack:                    inf
  Source:                 r_reg[2]_lopt_replica_2/C
                            (rising edge-triggered cell FDRE clocked by sys_clk_pin  {rise@0.000ns fall@5.000ns period=10.000ns})
  Destination:            vga_g[2]
                            (output port)
  Path Group:             (none)
  Path Type:              Min at Fast Process Corner
  Data Path Delay:        2.371ns  (logic 1.411ns (59.524%)  route 0.960ns (40.476%))
  Logic Levels:           1  (OBUF=1)
  Clock Uncertainty:      0.025ns  ((TSJ^2 + TIJ^2)^1/2 + DJ) / 2 + PE
    Total System Jitter     (TSJ):    0.050ns
    Total Input Jitter      (TIJ):    0.000ns
    Discrete Jitter          (DJ):    0.000ns
    Phase Error              (PE):    0.000ns

    Location             Delay type                Incr(ns)  Path(ns)    Netlist Resource(s)
  -------------------------------------------------------------------    -------------------
                         (clock sys_clk_pin rise edge)
                                                      0.000     0.000 r  
    E3                                                0.000     0.000 r  clk (IN)
                         net (fo=0)                   0.000     0.000    clk
    E3                   IBUF (Prop_ibuf_I_O)         0.250     0.250 r  clk_IBUF_inst/O
                         net (fo=1, routed)           0.644     0.894    clk_IBUF
    BUFGCTRL_X0Y16       BUFG (Prop_bufg_I_O)         0.026     0.920 r  clk_IBUF_BUFG_inst/O
                         net (fo=364, routed)         0.585     1.504    clk_IBUF_BUFG
    SLICE_X76Y117        FDRE                                         r  r_reg[2]_lopt_replica_2/C
  -------------------------------------------------------------------    -------------------
    SLICE_X76Y117        FDRE (Prop_fdre_C_Q)         0.164     1.668 r  r_reg[2]_lopt_replica_2/Q
                         net (fo=1, routed)           0.960     2.628    r_reg[2]_lopt_replica_2_1
    B6                   OBUF (Prop_obuf_I_O)         1.247     3.875 r  vga_g_OBUF[2]_inst/O
                         net (fo=0)                   0.000     3.875    vga_g[2]
    B6                                                                r  vga_g[2] (OUT)
  -------------------------------------------------------------------    -------------------

Slack:                    inf
  Source:                 r_reg[3]_lopt_replica_2/C
                            (rising edge-triggered cell FDRE clocked by sys_clk_pin  {rise@0.000ns fall@5.000ns period=10.000ns})
  Destination:            vga_g[3]
                            (output port)
  Path Group:             (none)
  Path Type:              Min at Fast Process Corner
  Data Path Delay:        2.374ns  (logic 1.411ns (59.432%)  route 0.963ns (40.567%))
  Logic Levels:           1  (OBUF=1)
  Clock Uncertainty:      0.025ns  ((TSJ^2 + TIJ^2)^1/2 + DJ) / 2 + PE
    Total System Jitter     (TSJ):    0.050ns
    Total Input Jitter      (TIJ):    0.000ns
    Discrete Jitter          (DJ):    0.000ns
    Phase Error              (PE):    0.000ns

    Location             Delay type                Incr(ns)  Path(ns)    Netlist Resource(s)
  -------------------------------------------------------------------    -------------------
                         (clock sys_clk_pin rise edge)
                                                      0.000     0.000 r  
    E3                                                0.000     0.000 r  clk (IN)
                         net (fo=0)                   0.000     0.000    clk
    E3                   IBUF (Prop_ibuf_I_O)         0.250     0.250 r  clk_IBUF_inst/O
                         net (fo=1, routed)           0.644     0.894    clk_IBUF
    BUFGCTRL_X0Y16       BUFG (Prop_bufg_I_O)         0.026     0.920 r  clk_IBUF_BUFG_inst/O
                         net (fo=364, routed)         0.585     1.504    clk_IBUF_BUFG
    SLICE_X76Y117        FDRE                                         r  r_reg[3]_lopt_replica_2/C
  -------------------------------------------------------------------    -------------------
    SLICE_X76Y117        FDRE (Prop_fdre_C_Q)         0.164     1.668 r  r_reg[3]_lopt_replica_2/Q
                         net (fo=1, routed)           0.963     2.632    r_reg[3]_lopt_replica_2_1
    A6                   OBUF (Prop_obuf_I_O)         1.247     3.879 r  vga_g_OBUF[3]_inst/O
                         net (fo=0)                   0.000     3.879    vga_g[3]
    A6                                                                r  vga_g[3] (OUT)
  -------------------------------------------------------------------    -------------------

Slack:                    inf
  Source:                 r_reg[0]_lopt_replica/C
                            (rising edge-triggered cell FDRE clocked by sys_clk_pin  {rise@0.000ns fall@5.000ns period=10.000ns})
  Destination:            vga_b[0]
                            (output port)
  Path Group:             (none)
  Path Type:              Min at Fast Process Corner
  Data Path Delay:        2.374ns  (logic 1.389ns (58.499%)  route 0.985ns (41.501%))
  Logic Levels:           1  (OBUF=1)
  Clock Uncertainty:      0.025ns  ((TSJ^2 + TIJ^2)^1/2 + DJ) / 2 + PE
    Total System Jitter     (TSJ):    0.050ns
    Total Input Jitter      (TIJ):    0.000ns
    Discrete Jitter          (DJ):    0.000ns
    Phase Error              (PE):    0.000ns

    Location             Delay type                Incr(ns)  Path(ns)    Netlist Resource(s)
  -------------------------------------------------------------------    -------------------
                         (clock sys_clk_pin rise edge)
                                                      0.000     0.000 r  
    E3                                                0.000     0.000 r  clk (IN)
                         net (fo=0)                   0.000     0.000    clk
    E3                   IBUF (Prop_ibuf_I_O)         0.250     0.250 r  clk_IBUF_inst/O
                         net (fo=1, routed)           0.644     0.894    clk_IBUF
    BUFGCTRL_X0Y16       BUFG (Prop_bufg_I_O)         0.026     0.920 r  clk_IBUF_BUFG_inst/O
                         net (fo=364, routed)         0.587     1.506    clk_IBUF_BUFG
    SLICE_X77Y115        FDRE                                         r  r_reg[0]_lopt_replica/C
  -------------------------------------------------------------------    -------------------
    SLICE_X77Y115        FDRE (Prop_fdre_C_Q)         0.141     1.647 r  r_reg[0]_lopt_replica/Q
                         net (fo=1, routed)           0.985     2.633    r_reg[0]_lopt_replica_1
    B7                   OBUF (Prop_obuf_I_O)         1.248     3.880 r  vga_b_OBUF[0]_inst/O
                         net (fo=0)                   0.000     3.880    vga_b[0]
    B7                                                                r  vga_b[0] (OUT)
  -------------------------------------------------------------------    -------------------

Slack:                    inf
  Source:                 r_reg[1]_lopt_replica/C
                            (rising edge-triggered cell FDRE clocked by sys_clk_pin  {rise@0.000ns fall@5.000ns period=10.000ns})
  Destination:            vga_b[1]
                            (output port)
  Path Group:             (none)
  Path Type:              Min at Fast Process Corner
  Data Path Delay:        2.378ns  (logic 1.416ns (59.550%)  route 0.962ns (40.450%))
  Logic Levels:           1  (OBUF=1)
  Clock Uncertainty:      0.025ns  ((TSJ^2 + TIJ^2)^1/2 + DJ) / 2 + PE
    Total System Jitter     (TSJ):    0.050ns
    Total Input Jitter      (TIJ):    0.000ns
    Discrete Jitter          (DJ):    0.000ns
    Phase Error              (PE):    0.000ns

    Location             Delay type                Incr(ns)  Path(ns)    Netlist Resource(s)
  -------------------------------------------------------------------    -------------------
                         (clock sys_clk_pin rise edge)
                                                      0.000     0.000 r  
    E3                                                0.000     0.000 r  clk (IN)
                         net (fo=0)                   0.000     0.000    clk
    E3                   IBUF (Prop_ibuf_I_O)         0.250     0.250 r  clk_IBUF_inst/O
                         net (fo=1, routed)           0.644     0.894    clk_IBUF
    BUFGCTRL_X0Y16       BUFG (Prop_bufg_I_O)         0.026     0.920 r  clk_IBUF_BUFG_inst/O
                         net (fo=364, routed)         0.587     1.506    clk_IBUF_BUFG
    SLICE_X76Y115        FDRE                                         r  r_reg[1]_lopt_replica/C
  -------------------------------------------------------------------    -------------------
    SLICE_X76Y115        FDRE (Prop_fdre_C_Q)         0.164     1.670 r  r_reg[1]_lopt_replica/Q
                         net (fo=1, routed)           0.962     2.632    r_reg[1]_lopt_replica_1
    C7                   OBUF (Prop_obuf_I_O)         1.252     3.884 r  vga_b_OBUF[1]_inst/O
                         net (fo=0)                   0.000     3.884    vga_b[1]
    C7                                                                r  vga_b[1] (OUT)
  -------------------------------------------------------------------    -------------------

Slack:                    inf
  Source:                 r_reg[1]_lopt_replica_2/C
                            (rising edge-triggered cell FDRE clocked by sys_clk_pin  {rise@0.000ns fall@5.000ns period=10.000ns})
  Destination:            vga_g[1]
                            (output port)
  Path Group:             (none)
  Path Type:              Min at Fast Process Corner
  Data Path Delay:        2.379ns  (logic 1.409ns (59.243%)  route 0.970ns (40.757%))
  Logic Levels:           1  (OBUF=1)
  Clock Uncertainty:      0.025ns  ((TSJ^2 + TIJ^2)^1/2 + DJ) / 2 + PE
    Total System Jitter     (TSJ):    0.050ns
    Total Input Jitter      (TIJ):    0.000ns
    Discrete Jitter          (DJ):    0.000ns
    Phase Error              (PE):    0.000ns

    Location             Delay type                Incr(ns)  Path(ns)    Netlist Resource(s)
  -------------------------------------------------------------------    -------------------
                         (clock sys_clk_pin rise edge)
                                                      0.000     0.000 r  
    E3                                                0.000     0.000 r  clk (IN)
                         net (fo=0)                   0.000     0.000    clk
    E3                   IBUF (Prop_ibuf_I_O)         0.250     0.250 r  clk_IBUF_inst/O
                         net (fo=1, routed)           0.644     0.894    clk_IBUF
    BUFGCTRL_X0Y16       BUFG (Prop_bufg_I_O)         0.026     0.920 r  clk_IBUF_BUFG_inst/O
                         net (fo=364, routed)         0.587     1.506    clk_IBUF_BUFG
    SLICE_X76Y115        FDRE                                         r  r_reg[1]_lopt_replica_2/C
  -------------------------------------------------------------------    -------------------
    SLICE_X76Y115        FDRE (Prop_fdre_C_Q)         0.164     1.670 r  r_reg[1]_lopt_replica_2/Q
                         net (fo=1, routed)           0.970     2.640    r_reg[1]_lopt_replica_2_1
    A5                   OBUF (Prop_obuf_I_O)         1.245     3.885 r  vga_g_OBUF[1]_inst/O
                         net (fo=0)                   0.000     3.885    vga_g[1]
    A5                                                                r  vga_g[1] (OUT)
  -------------------------------------------------------------------    -------------------





--------------------------------------------------------------------------------------
Path Group:  (none)
From Clock:  
  To Clock:  sys_clk_pin

Max Delay           311 Endpoints
Min Delay           311 Endpoints
--------------------------------------------------------------------------------------


Max Delay Paths
--------------------------------------------------------------------------------------
Slack:                    inf
  Source:                 rst
                            (input port)
  Destination:            lb/line2_reg_2/ENARDEN
                            (rising edge-triggered cell RAMB18E1 clocked by sys_clk_pin  {rise@0.000ns fall@5.000ns period=10.000ns})
  Path Group:             (none)
  Path Type:              Setup (Max at Slow Process Corner)
  Data Path Delay:        8.007ns  (logic 1.849ns (23.087%)  route 6.159ns (76.913%))
  Logic Levels:           4  (IBUF=1 LUT2=1 LUT4=1 LUT6=1)
  Clock Path Skew:        4.958ns (DCD - SCD + CPR)
    Destination Clock Delay (DCD):    4.958ns
    Source Clock Delay      (SCD):    0.000ns
    Clock Pessimism Removal (CPR):    0.000ns
  Clock Uncertainty:      0.025ns  ((TSJ^2 + TIJ^2)^1/2 + DJ) / 2 + PE
    Total System Jitter     (TSJ):    0.050ns
    Total Input Jitter      (TIJ):    0.000ns
    Discrete Jitter          (DJ):    0.000ns
    Phase Error              (PE):    0.000ns

    Location             Delay type                Incr(ns)  Path(ns)    Netlist Resource(s)
  -------------------------------------------------------------------    -------------------
    N17                                               0.000     0.000 f  rst (IN)
                         net (fo=0)                   0.000     0.000    rst
    N17                  IBUF (Prop_ibuf_I_O)         1.477     1.477 f  rst_IBUF_inst/O
                         net (fo=45, routed)          3.961     5.438    vga/rst_IBUF
    SLICE_X67Y104        LUT4 (Prop_lut4_I3_O)        0.124     5.562 r  vga/line2_reg_1_i_10/O
                         net (fo=6, routed)           0.448     6.010    lb/WEA[0]
    SLICE_X64Y103        LUT6 (Prop_lut6_I1_O)        0.124     6.134 r  lb/p8[7]_i_1/O
                         net (fo=45, routed)          1.083     7.217    lb/p8[7]_i_1_n_0
    SLICE_X68Y107        LUT2 (Prop_lut2_I1_O)        0.124     7.341 r  lb/line2_reg_2_ENARDEN_cooolgate_en_gate_36/O
                         net (fo=1, routed)           0.666     8.007    lb/line2_reg_2_ENARDEN_cooolgate_en_sig_20
    RAMB18_X1Y42         RAMB18E1                                     r  lb/line2_reg_2/ENARDEN
  -------------------------------------------------------------------    -------------------

                         (clock sys_clk_pin rise edge)
                                                      0.000     0.000 r  
    E3                                                0.000     0.000 r  clk (IN)
                         net (fo=0)                   0.000     0.000    clk
    E3                   IBUF (Prop_ibuf_I_O)         1.411     1.411 r  clk_IBUF_inst/O
                         net (fo=1, routed)           1.920     3.331    clk_IBUF
    BUFGCTRL_X0Y16       BUFG (Prop_bufg_I_O)         0.091     3.422 r  clk_IBUF_BUFG_inst/O
                         net (fo=364, routed)         1.536     4.958    lb/clk_IBUF_BUFG
    RAMB18_X1Y42         RAMB18E1                                     r  lb/line2_reg_2/CLKARDCLK

Slack:                    inf
  Source:                 rst
                            (input port)
  Destination:            lb/line1_reg_128_255_4_4/DP.HIGH/WE
                            (rising edge-triggered cell RAMD64E clocked by sys_clk_pin  {rise@0.000ns fall@5.000ns period=10.000ns})
  Path Group:             (none)
  Path Type:              Setup (Max at Slow Process Corner)
  Data Path Delay:        7.849ns  (logic 1.627ns (20.724%)  route 6.222ns (79.276%))
  Logic Levels:           2  (IBUF=1 LUT5=1)
  Clock Path Skew:        4.911ns (DCD - SCD + CPR)
    Destination Clock Delay (DCD):    4.911ns
    Source Clock Delay      (SCD):    0.000ns
    Clock Pessimism Removal (CPR):    0.000ns
  Clock Uncertainty:      0.025ns  ((TSJ^2 + TIJ^2)^1/2 + DJ) / 2 + PE
    Total System Jitter     (TSJ):    0.050ns
    Total Input Jitter      (TIJ):    0.000ns
    Discrete Jitter          (DJ):    0.000ns
    Phase Error              (PE):    0.000ns

    Location             Delay type                Incr(ns)  Path(ns)    Netlist Resource(s)
  -------------------------------------------------------------------    -------------------
    N17                                               0.000     0.000 f  rst (IN)
                         net (fo=0)                   0.000     0.000    rst
    N17                  IBUF (Prop_ibuf_I_O)         1.477     1.477 f  rst_IBUF_inst/O
                         net (fo=45, routed)          3.961     5.438    vga/rst_IBUF
    SLICE_X67Y104        LUT5 (Prop_lut5_I3_O)        0.150     5.588 r  vga/line0_reg_128_255_0_0_i_1/O
                         net (fo=64, routed)          2.261     7.849    lb/line1_reg_128_255_4_4/WE
    SLICE_X58Y112        RAMD64E                                      r  lb/line1_reg_128_255_4_4/DP.HIGH/WE
  -------------------------------------------------------------------    -------------------

                         (clock sys_clk_pin rise edge)
                                                      0.000     0.000 r  
    E3                                                0.000     0.000 r  clk (IN)
                         net (fo=0)                   0.000     0.000    clk
    E3                   IBUF (Prop_ibuf_I_O)         1.411     1.411 r  clk_IBUF_inst/O
                         net (fo=1, routed)           1.920     3.331    clk_IBUF
    BUFGCTRL_X0Y16       BUFG (Prop_bufg_I_O)         0.091     3.422 r  clk_IBUF_BUFG_inst/O
                         net (fo=364, routed)         1.489     4.911    lb/line1_reg_128_255_4_4/WCLK
    SLICE_X58Y112        RAMD64E                                      r  lb/line1_reg_128_255_4_4/DP.HIGH/CLK

Slack:                    inf
  Source:                 rst
                            (input port)
  Destination:            lb/line1_reg_128_255_4_4/DP.LOW/WE
                            (rising edge-triggered cell RAMD64E clocked by sys_clk_pin  {rise@0.000ns fall@5.000ns period=10.000ns})
  Path Group:             (none)
  Path Type:              Setup (Max at Slow Process Corner)
  Data Path Delay:        7.849ns  (logic 1.627ns (20.724%)  route 6.222ns (79.276%))
  Logic Levels:           2  (IBUF=1 LUT5=1)
  Clock Path Skew:        4.911ns (DCD - SCD + CPR)
    Destination Clock Delay (DCD):    4.911ns
    Source Clock Delay      (SCD):    0.000ns
    Clock Pessimism Removal (CPR):    0.000ns
  Clock Uncertainty:      0.025ns  ((TSJ^2 + TIJ^2)^1/2 + DJ) / 2 + PE
    Total System Jitter     (TSJ):    0.050ns
    Total Input Jitter      (TIJ):    0.000ns
    Discrete Jitter          (DJ):    0.000ns
    Phase Error              (PE):    0.000ns

    Location             Delay type                Incr(ns)  Path(ns)    Netlist Resource(s)
  -------------------------------------------------------------------    -------------------
    N17                                               0.000     0.000 f  rst (IN)
                         net (fo=0)                   0.000     0.000    rst
    N17                  IBUF (Prop_ibuf_I_O)         1.477     1.477 f  rst_IBUF_inst/O
                         net (fo=45, routed)          3.961     5.438    vga/rst_IBUF
    SLICE_X67Y104        LUT5 (Prop_lut5_I3_O)        0.150     5.588 r  vga/line0_reg_128_255_0_0_i_1/O
                         net (fo=64, routed)          2.261     7.849    lb/line1_reg_128_255_4_4/WE
    SLICE_X58Y112        RAMD64E                                      r  lb/line1_reg_128_255_4_4/DP.LOW/WE
  -------------------------------------------------------------------    -------------------

                         (clock sys_clk_pin rise edge)
                                                      0.000     0.000 r  
    E3                                                0.000     0.000 r  clk (IN)
                         net (fo=0)                   0.000     0.000    clk
    E3                   IBUF (Prop_ibuf_I_O)         1.411     1.411 r  clk_IBUF_inst/O
                         net (fo=1, routed)           1.920     3.331    clk_IBUF
    BUFGCTRL_X0Y16       BUFG (Prop_bufg_I_O)         0.091     3.422 r  clk_IBUF_BUFG_inst/O
                         net (fo=364, routed)         1.489     4.911    lb/line1_reg_128_255_4_4/WCLK
    SLICE_X58Y112        RAMD64E                                      r  lb/line1_reg_128_255_4_4/DP.LOW/CLK

Slack:                    inf
  Source:                 rst
                            (input port)
  Destination:            lb/line1_reg_128_255_4_4/SP.HIGH/WE
                            (rising edge-triggered cell RAMD64E clocked by sys_clk_pin  {rise@0.000ns fall@5.000ns period=10.000ns})
  Path Group:             (none)
  Path Type:              Setup (Max at Slow Process Corner)
  Data Path Delay:        7.849ns  (logic 1.627ns (20.724%)  route 6.222ns (79.276%))
  Logic Levels:           2  (IBUF=1 LUT5=1)
  Clock Path Skew:        4.911ns (DCD - SCD + CPR)
    Destination Clock Delay (DCD):    4.911ns
    Source Clock Delay      (SCD):    0.000ns
    Clock Pessimism Removal (CPR):    0.000ns
  Clock Uncertainty:      0.025ns  ((TSJ^2 + TIJ^2)^1/2 + DJ) / 2 + PE
    Total System Jitter     (TSJ):    0.050ns
    Total Input Jitter      (TIJ):    0.000ns
    Discrete Jitter          (DJ):    0.000ns
    Phase Error              (PE):    0.000ns

    Location             Delay type                Incr(ns)  Path(ns)    Netlist Resource(s)
  -------------------------------------------------------------------    -------------------
    N17                                               0.000     0.000 f  rst (IN)
                         net (fo=0)                   0.000     0.000    rst
    N17                  IBUF (Prop_ibuf_I_O)         1.477     1.477 f  rst_IBUF_inst/O
                         net (fo=45, routed)          3.961     5.438    vga/rst_IBUF
    SLICE_X67Y104        LUT5 (Prop_lut5_I3_O)        0.150     5.588 r  vga/line0_reg_128_255_0_0_i_1/O
                         net (fo=64, routed)          2.261     7.849    lb/line1_reg_128_255_4_4/WE
    SLICE_X58Y112        RAMD64E                                      r  lb/line1_reg_128_255_4_4/SP.HIGH/WE
  -------------------------------------------------------------------    -------------------

                         (clock sys_clk_pin rise edge)
                                                      0.000     0.000 r  
    E3                                                0.000     0.000 r  clk (IN)
                         net (fo=0)                   0.000     0.000    clk
    E3                   IBUF (Prop_ibuf_I_O)         1.411     1.411 r  clk_IBUF_inst/O
                         net (fo=1, routed)           1.920     3.331    clk_IBUF
    BUFGCTRL_X0Y16       BUFG (Prop_bufg_I_O)         0.091     3.422 r  clk_IBUF_BUFG_inst/O
                         net (fo=364, routed)         1.489     4.911    lb/line1_reg_128_255_4_4/WCLK
    SLICE_X58Y112        RAMD64E                                      r  lb/line1_reg_128_255_4_4/SP.HIGH/CLK

Slack:                    inf
  Source:                 rst
                            (input port)
  Destination:            lb/line1_reg_128_255_4_4/SP.LOW/WE
                            (rising edge-triggered cell RAMD64E clocked by sys_clk_pin  {rise@0.000ns fall@5.000ns period=10.000ns})
  Path Group:             (none)
  Path Type:              Setup (Max at Slow Process Corner)
  Data Path Delay:        7.849ns  (logic 1.627ns (20.724%)  route 6.222ns (79.276%))
  Logic Levels:           2  (IBUF=1 LUT5=1)
  Clock Path Skew:        4.911ns (DCD - SCD + CPR)
    Destination Clock Delay (DCD):    4.911ns
    Source Clock Delay      (SCD):    0.000ns
    Clock Pessimism Removal (CPR):    0.000ns
  Clock Uncertainty:      0.025ns  ((TSJ^2 + TIJ^2)^1/2 + DJ) / 2 + PE
    Total System Jitter     (TSJ):    0.050ns
    Total Input Jitter      (TIJ):    0.000ns
    Discrete Jitter          (DJ):    0.000ns
    Phase Error              (PE):    0.000ns

    Location             Delay type                Incr(ns)  Path(ns)    Netlist Resource(s)
  -------------------------------------------------------------------    -------------------
    N17                                               0.000     0.000 f  rst (IN)
                         net (fo=0)                   0.000     0.000    rst
    N17                  IBUF (Prop_ibuf_I_O)         1.477     1.477 f  rst_IBUF_inst/O
                         net (fo=45, routed)          3.961     5.438    vga/rst_IBUF
    SLICE_X67Y104        LUT5 (Prop_lut5_I3_O)        0.150     5.588 r  vga/line0_reg_128_255_0_0_i_1/O
                         net (fo=64, routed)          2.261     7.849    lb/line1_reg_128_255_4_4/WE
    SLICE_X58Y112        RAMD64E                                      r  lb/line1_reg_128_255_4_4/SP.LOW/WE
  -------------------------------------------------------------------    -------------------

                         (clock sys_clk_pin rise edge)
                                                      0.000     0.000 r  
    E3                                                0.000     0.000 r  clk (IN)
                         net (fo=0)                   0.000     0.000    clk
    E3                   IBUF (Prop_ibuf_I_O)         1.411     1.411 r  clk_IBUF_inst/O
                         net (fo=1, routed)           1.920     3.331    clk_IBUF
    BUFGCTRL_X0Y16       BUFG (Prop_bufg_I_O)         0.091     3.422 r  clk_IBUF_BUFG_inst/O
                         net (fo=364, routed)         1.489     4.911    lb/line1_reg_128_255_4_4/WCLK
    SLICE_X58Y112        RAMD64E                                      r  lb/line1_reg_128_255_4_4/SP.LOW/CLK

Slack:                    inf
  Source:                 rst
                            (input port)
  Destination:            lb/p3_reg[7]/CE
                            (rising edge-triggered cell FDRE clocked by sys_clk_pin  {rise@0.000ns fall@5.000ns period=10.000ns})
  Path Group:             (none)
  Path Type:              Setup (Max at Slow Process Corner)
  Data Path Delay:        7.766ns  (logic 1.725ns (22.208%)  route 6.041ns (77.792%))
  Logic Levels:           3  (IBUF=1 LUT4=1 LUT6=1)
  Clock Path Skew:        4.914ns (DCD - SCD + CPR)
    Destination Clock Delay (DCD):    4.914ns
    Source Clock Delay      (SCD):    0.000ns
    Clock Pessimism Removal (CPR):    0.000ns
  Clock Uncertainty:      0.025ns  ((TSJ^2 + TIJ^2)^1/2 + DJ) / 2 + PE
    Total System Jitter     (TSJ):    0.050ns
    Total Input Jitter      (TIJ):    0.000ns
    Discrete Jitter          (DJ):    0.000ns
    Phase Error              (PE):    0.000ns

    Location             Delay type                Incr(ns)  Path(ns)    Netlist Resource(s)
  -------------------------------------------------------------------    -------------------
    N17                                               0.000     0.000 f  rst (IN)
                         net (fo=0)                   0.000     0.000    rst
    N17                  IBUF (Prop_ibuf_I_O)         1.477     1.477 f  rst_IBUF_inst/O
                         net (fo=45, routed)          3.961     5.438    vga/rst_IBUF
    SLICE_X67Y104        LUT4 (Prop_lut4_I3_O)        0.124     5.562 r  vga/line2_reg_1_i_10/O
                         net (fo=6, routed)           0.448     6.010    lb/WEA[0]
    SLICE_X64Y103        LUT6 (Prop_lut6_I1_O)        0.124     6.134 r  lb/p8[7]_i_1/O
                         net (fo=45, routed)          1.632     7.766    lb/p8[7]_i_1_n_0
    SLICE_X59Y108        FDRE                                         r  lb/p3_reg[7]/CE
  -------------------------------------------------------------------    -------------------

                         (clock sys_clk_pin rise edge)
                                                      0.000     0.000 r  
    E3                                                0.000     0.000 r  clk (IN)
                         net (fo=0)                   0.000     0.000    clk
    E3                   IBUF (Prop_ibuf_I_O)         1.411     1.411 r  clk_IBUF_inst/O
                         net (fo=1, routed)           1.920     3.331    clk_IBUF
    BUFGCTRL_X0Y16       BUFG (Prop_bufg_I_O)         0.091     3.422 r  clk_IBUF_BUFG_inst/O
                         net (fo=364, routed)         1.492     4.914    lb/clk_IBUF_BUFG
    SLICE_X59Y108        FDRE                                         r  lb/p3_reg[7]/C

Slack:                    inf
  Source:                 rst
                            (input port)
  Destination:            lb/p3_reg[2]/CE
                            (rising edge-triggered cell FDRE clocked by sys_clk_pin  {rise@0.000ns fall@5.000ns period=10.000ns})
  Path Group:             (none)
  Path Type:              Setup (Max at Slow Process Corner)
  Data Path Delay:        7.765ns  (logic 1.725ns (22.211%)  route 6.040ns (77.789%))
  Logic Levels:           3  (IBUF=1 LUT4=1 LUT6=1)
  Clock Path Skew:        4.915ns (DCD - SCD + CPR)
    Destination Clock Delay (DCD):    4.915ns
    Source Clock Delay      (SCD):    0.000ns
    Clock Pessimism Removal (CPR):    0.000ns
  Clock Uncertainty:      0.025ns  ((TSJ^2 + TIJ^2)^1/2 + DJ) / 2 + PE
    Total System Jitter     (TSJ):    0.050ns
    Total Input Jitter      (TIJ):    0.000ns
    Discrete Jitter          (DJ):    0.000ns
    Phase Error              (PE):    0.000ns

    Location             Delay type                Incr(ns)  Path(ns)    Netlist Resource(s)
  -------------------------------------------------------------------    -------------------
    N17                                               0.000     0.000 f  rst (IN)
                         net (fo=0)                   0.000     0.000    rst
    N17                  IBUF (Prop_ibuf_I_O)         1.477     1.477 f  rst_IBUF_inst/O
                         net (fo=45, routed)          3.961     5.438    vga/rst_IBUF
    SLICE_X67Y104        LUT4 (Prop_lut4_I3_O)        0.124     5.562 r  vga/line2_reg_1_i_10/O
                         net (fo=6, routed)           0.448     6.010    lb/WEA[0]
    SLICE_X64Y103        LUT6 (Prop_lut6_I1_O)        0.124     6.134 r  lb/p8[7]_i_1/O
                         net (fo=45, routed)          1.631     7.765    lb/p8[7]_i_1_n_0
    SLICE_X59Y106        FDRE                                         r  lb/p3_reg[2]/CE
  -------------------------------------------------------------------    -------------------

                         (clock sys_clk_pin rise edge)
                                                      0.000     0.000 r  
    E3                                                0.000     0.000 r  clk (IN)
                         net (fo=0)                   0.000     0.000    clk
    E3                   IBUF (Prop_ibuf_I_O)         1.411     1.411 r  clk_IBUF_inst/O
                         net (fo=1, routed)           1.920     3.331    clk_IBUF
    BUFGCTRL_X0Y16       BUFG (Prop_bufg_I_O)         0.091     3.422 r  clk_IBUF_BUFG_inst/O
                         net (fo=364, routed)         1.493     4.915    lb/clk_IBUF_BUFG
    SLICE_X59Y106        FDRE                                         r  lb/p3_reg[2]/C

Slack:                    inf
  Source:                 rst
                            (input port)
  Destination:            lb/p7_reg[0]/CE
                            (rising edge-triggered cell FDRE clocked by sys_clk_pin  {rise@0.000ns fall@5.000ns period=10.000ns})
  Path Group:             (none)
  Path Type:              Setup (Max at Slow Process Corner)
  Data Path Delay:        7.765ns  (logic 1.725ns (22.211%)  route 6.040ns (77.789%))
  Logic Levels:           3  (IBUF=1 LUT4=1 LUT6=1)
  Clock Path Skew:        4.915ns (DCD - SCD + CPR)
    Destination Clock Delay (DCD):    4.915ns
    Source Clock Delay      (SCD):    0.000ns
    Clock Pessimism Removal (CPR):    0.000ns
  Clock Uncertainty:      0.025ns  ((TSJ^2 + TIJ^2)^1/2 + DJ) / 2 + PE
    Total System Jitter     (TSJ):    0.050ns
    Total Input Jitter      (TIJ):    0.000ns
    Discrete Jitter          (DJ):    0.000ns
    Phase Error              (PE):    0.000ns

    Location             Delay type                Incr(ns)  Path(ns)    Netlist Resource(s)
  -------------------------------------------------------------------    -------------------
    N17                                               0.000     0.000 f  rst (IN)
                         net (fo=0)                   0.000     0.000    rst
    N17                  IBUF (Prop_ibuf_I_O)         1.477     1.477 f  rst_IBUF_inst/O
                         net (fo=45, routed)          3.961     5.438    vga/rst_IBUF
    SLICE_X67Y104        LUT4 (Prop_lut4_I3_O)        0.124     5.562 r  vga/line2_reg_1_i_10/O
                         net (fo=6, routed)           0.448     6.010    lb/WEA[0]
    SLICE_X64Y103        LUT6 (Prop_lut6_I1_O)        0.124     6.134 r  lb/p8[7]_i_1/O
                         net (fo=45, routed)          1.631     7.765    lb/p8[7]_i_1_n_0
    SLICE_X59Y106        FDRE                                         r  lb/p7_reg[0]/CE
  -------------------------------------------------------------------    -------------------

                         (clock sys_clk_pin rise edge)
                                                      0.000     0.000 r  
    E3                                                0.000     0.000 r  clk (IN)
                         net (fo=0)                   0.000     0.000    clk
    E3                   IBUF (Prop_ibuf_I_O)         1.411     1.411 r  clk_IBUF_inst/O
                         net (fo=1, routed)           1.920     3.331    clk_IBUF
    BUFGCTRL_X0Y16       BUFG (Prop_bufg_I_O)         0.091     3.422 r  clk_IBUF_BUFG_inst/O
                         net (fo=364, routed)         1.493     4.915    lb/clk_IBUF_BUFG
    SLICE_X59Y106        FDRE                                         r  lb/p7_reg[0]/C

Slack:                    inf
  Source:                 rst
                            (input port)
  Destination:            lb/line1_reg_128_255_5_5/DP.HIGH/WE
                            (rising edge-triggered cell RAMD64E clocked by sys_clk_pin  {rise@0.000ns fall@5.000ns period=10.000ns})
  Path Group:             (none)
  Path Type:              Setup (Max at Slow Process Corner)
  Data Path Delay:        7.752ns  (logic 1.627ns (20.983%)  route 6.125ns (79.017%))
  Logic Levels:           2  (IBUF=1 LUT5=1)
  Clock Path Skew:        4.907ns (DCD - SCD + CPR)
    Destination Clock Delay (DCD):    4.907ns
    Source Clock Delay      (SCD):    0.000ns
    Clock Pessimism Removal (CPR):    0.000ns
  Clock Uncertainty:      0.025ns  ((TSJ^2 + TIJ^2)^1/2 + DJ) / 2 + PE
    Total System Jitter     (TSJ):    0.050ns
    Total Input Jitter      (TIJ):    0.000ns
    Discrete Jitter          (DJ):    0.000ns
    Phase Error              (PE):    0.000ns

    Location             Delay type                Incr(ns)  Path(ns)    Netlist Resource(s)
  -------------------------------------------------------------------    -------------------
    N17                                               0.000     0.000 f  rst (IN)
                         net (fo=0)                   0.000     0.000    rst
    N17                  IBUF (Prop_ibuf_I_O)         1.477     1.477 f  rst_IBUF_inst/O
                         net (fo=45, routed)          3.961     5.438    vga/rst_IBUF
    SLICE_X67Y104        LUT5 (Prop_lut5_I3_O)        0.150     5.588 r  vga/line0_reg_128_255_0_0_i_1/O
                         net (fo=64, routed)          2.164     7.752    lb/line1_reg_128_255_5_5/WE
    SLICE_X56Y112        RAMD64E                                      r  lb/line1_reg_128_255_5_5/DP.HIGH/WE
  -------------------------------------------------------------------    -------------------

                         (clock sys_clk_pin rise edge)
                                                      0.000     0.000 r  
    E3                                                0.000     0.000 r  clk (IN)
                         net (fo=0)                   0.000     0.000    clk
    E3                   IBUF (Prop_ibuf_I_O)         1.411     1.411 r  clk_IBUF_inst/O
                         net (fo=1, routed)           1.920     3.331    clk_IBUF
    BUFGCTRL_X0Y16       BUFG (Prop_bufg_I_O)         0.091     3.422 r  clk_IBUF_BUFG_inst/O
                         net (fo=364, routed)         1.485     4.907    lb/line1_reg_128_255_5_5/WCLK
    SLICE_X56Y112        RAMD64E                                      r  lb/line1_reg_128_255_5_5/DP.HIGH/CLK

Slack:                    inf
  Source:                 rst
                            (input port)
  Destination:            lb/line1_reg_128_255_5_5/DP.LOW/WE
                            (rising edge-triggered cell RAMD64E clocked by sys_clk_pin  {rise@0.000ns fall@5.000ns period=10.000ns})
  Path Group:             (none)
  Path Type:              Setup (Max at Slow Process Corner)
  Data Path Delay:        7.752ns  (logic 1.627ns (20.983%)  route 6.125ns (79.017%))
  Logic Levels:           2  (IBUF=1 LUT5=1)
  Clock Path Skew:        4.907ns (DCD - SCD + CPR)
    Destination Clock Delay (DCD):    4.907ns
    Source Clock Delay      (SCD):    0.000ns
    Clock Pessimism Removal (CPR):    0.000ns
  Clock Uncertainty:      0.025ns  ((TSJ^2 + TIJ^2)^1/2 + DJ) / 2 + PE
    Total System Jitter     (TSJ):    0.050ns
    Total Input Jitter      (TIJ):    0.000ns
    Discrete Jitter          (DJ):    0.000ns
    Phase Error              (PE):    0.000ns

    Location             Delay type                Incr(ns)  Path(ns)    Netlist Resource(s)
  -------------------------------------------------------------------    -------------------
    N17                                               0.000     0.000 f  rst (IN)
                         net (fo=0)                   0.000     0.000    rst
    N17                  IBUF (Prop_ibuf_I_O)         1.477     1.477 f  rst_IBUF_inst/O
                         net (fo=45, routed)          3.961     5.438    vga/rst_IBUF
    SLICE_X67Y104        LUT5 (Prop_lut5_I3_O)        0.150     5.588 r  vga/line0_reg_128_255_0_0_i_1/O
                         net (fo=64, routed)          2.164     7.752    lb/line1_reg_128_255_5_5/WE
    SLICE_X56Y112        RAMD64E                                      r  lb/line1_reg_128_255_5_5/DP.LOW/WE
  -------------------------------------------------------------------    -------------------

                         (clock sys_clk_pin rise edge)
                                                      0.000     0.000 r  
    E3                                                0.000     0.000 r  clk (IN)
                         net (fo=0)                   0.000     0.000    clk
    E3                   IBUF (Prop_ibuf_I_O)         1.411     1.411 r  clk_IBUF_inst/O
                         net (fo=1, routed)           1.920     3.331    clk_IBUF
    BUFGCTRL_X0Y16       BUFG (Prop_bufg_I_O)         0.091     3.422 r  clk_IBUF_BUFG_inst/O
                         net (fo=364, routed)         1.485     4.907    lb/line1_reg_128_255_5_5/WCLK
    SLICE_X56Y112        RAMD64E                                      r  lb/line1_reg_128_255_5_5/DP.LOW/CLK





Min Delay Paths
--------------------------------------------------------------------------------------
Slack:                    inf
  Source:                 rst
                            (input port)
  Destination:            lb/col_reg[2]/R
                            (rising edge-triggered cell FDRE clocked by sys_clk_pin  {rise@0.000ns fall@5.000ns period=10.000ns})
  Path Group:             (none)
  Path Type:              Hold (Min at Fast Process Corner)
  Data Path Delay:        1.745ns  (logic 0.244ns (14.011%)  route 1.500ns (85.989%))
  Logic Levels:           1  (IBUF=1)
  Clock Path Skew:        1.999ns (DCD - SCD - CPR)
    Destination Clock Delay (DCD):    1.999ns
    Source Clock Delay      (SCD):    0.000ns
    Clock Pessimism Removal (CPR):    -0.000ns

    Location             Delay type                Incr(ns)  Path(ns)    Netlist Resource(s)
  -------------------------------------------------------------------    -------------------
    N17                                               0.000     0.000 r  rst (IN)
                         net (fo=0)                   0.000     0.000    rst
    N17                  IBUF (Prop_ibuf_I_O)         0.244     0.244 r  rst_IBUF_inst/O
                         net (fo=45, routed)          1.500     1.745    lb/rst_IBUF
    SLICE_X63Y101        FDRE                                         r  lb/col_reg[2]/R
  -------------------------------------------------------------------    -------------------

                         (clock sys_clk_pin rise edge)
                                                      0.000     0.000 r  
    E3                                                0.000     0.000 r  clk (IN)
                         net (fo=0)                   0.000     0.000    clk
    E3                   IBUF (Prop_ibuf_I_O)         0.438     0.438 r  clk_IBUF_inst/O
                         net (fo=1, routed)           0.699     1.136    clk_IBUF
    BUFGCTRL_X0Y16       BUFG (Prop_bufg_I_O)         0.029     1.165 r  clk_IBUF_BUFG_inst/O
                         net (fo=364, routed)         0.833     1.999    lb/clk_IBUF_BUFG
    SLICE_X63Y101        FDRE                                         r  lb/col_reg[2]/C

Slack:                    inf
  Source:                 rst
                            (input port)
  Destination:            lb/col_reg[3]/R
                            (rising edge-triggered cell FDRE clocked by sys_clk_pin  {rise@0.000ns fall@5.000ns period=10.000ns})
  Path Group:             (none)
  Path Type:              Hold (Min at Fast Process Corner)
  Data Path Delay:        1.745ns  (logic 0.244ns (14.011%)  route 1.500ns (85.989%))
  Logic Levels:           1  (IBUF=1)
  Clock Path Skew:        1.999ns (DCD - SCD - CPR)
    Destination Clock Delay (DCD):    1.999ns
    Source Clock Delay      (SCD):    0.000ns
    Clock Pessimism Removal (CPR):    -0.000ns

    Location             Delay type                Incr(ns)  Path(ns)    Netlist Resource(s)
  -------------------------------------------------------------------    -------------------
    N17                                               0.000     0.000 r  rst (IN)
                         net (fo=0)                   0.000     0.000    rst
    N17                  IBUF (Prop_ibuf_I_O)         0.244     0.244 r  rst_IBUF_inst/O
                         net (fo=45, routed)          1.500     1.745    lb/rst_IBUF
    SLICE_X63Y101        FDRE                                         r  lb/col_reg[3]/R
  -------------------------------------------------------------------    -------------------

                         (clock sys_clk_pin rise edge)
                                                      0.000     0.000 r  
    E3                                                0.000     0.000 r  clk (IN)
                         net (fo=0)                   0.000     0.000    clk
    E3                   IBUF (Prop_ibuf_I_O)         0.438     0.438 r  clk_IBUF_inst/O
                         net (fo=1, routed)           0.699     1.136    clk_IBUF
    BUFGCTRL_X0Y16       BUFG (Prop_bufg_I_O)         0.029     1.165 r  clk_IBUF_BUFG_inst/O
                         net (fo=364, routed)         0.833     1.999    lb/clk_IBUF_BUFG
    SLICE_X63Y101        FDRE                                         r  lb/col_reg[3]/C

Slack:                    inf
  Source:                 rst
                            (input port)
  Destination:            lb/col_reg[1]/R
                            (rising edge-triggered cell FDRE clocked by sys_clk_pin  {rise@0.000ns fall@5.000ns period=10.000ns})
  Path Group:             (none)
  Path Type:              Hold (Min at Fast Process Corner)
  Data Path Delay:        1.800ns  (logic 0.244ns (13.583%)  route 1.555ns (86.417%))
  Logic Levels:           1  (IBUF=1)
  Clock Path Skew:        1.999ns (DCD - SCD - CPR)
    Destination Clock Delay (DCD):    1.999ns
    Source Clock Delay      (SCD):    0.000ns
    Clock Pessimism Removal (CPR):    -0.000ns

    Location             Delay type                Incr(ns)  Path(ns)    Netlist Resource(s)
  -------------------------------------------------------------------    -------------------
    N17                                               0.000     0.000 r  rst (IN)
                         net (fo=0)                   0.000     0.000    rst
    N17                  IBUF (Prop_ibuf_I_O)         0.244     0.244 r  rst_IBUF_inst/O
                         net (fo=45, routed)          1.555     1.800    lb/rst_IBUF
    SLICE_X63Y102        FDRE                                         r  lb/col_reg[1]/R
  -------------------------------------------------------------------    -------------------

                         (clock sys_clk_pin rise edge)
                                                      0.000     0.000 r  
    E3                                                0.000     0.000 r  clk (IN)
                         net (fo=0)                   0.000     0.000    clk
    E3                   IBUF (Prop_ibuf_I_O)         0.438     0.438 r  clk_IBUF_inst/O
                         net (fo=1, routed)           0.699     1.136    clk_IBUF
    BUFGCTRL_X0Y16       BUFG (Prop_bufg_I_O)         0.029     1.165 r  clk_IBUF_BUFG_inst/O
                         net (fo=364, routed)         0.833     1.999    lb/clk_IBUF_BUFG
    SLICE_X63Y102        FDRE                                         r  lb/col_reg[1]/C

Slack:                    inf
  Source:                 rst
                            (input port)
  Destination:            lb/col_reg[5]/R
                            (rising edge-triggered cell FDRE clocked by sys_clk_pin  {rise@0.000ns fall@5.000ns period=10.000ns})
  Path Group:             (none)
  Path Type:              Hold (Min at Fast Process Corner)
  Data Path Delay:        1.800ns  (logic 0.244ns (13.583%)  route 1.555ns (86.417%))
  Logic Levels:           1  (IBUF=1)
  Clock Path Skew:        1.999ns (DCD - SCD - CPR)
    Destination Clock Delay (DCD):    1.999ns
    Source Clock Delay      (SCD):    0.000ns
    Clock Pessimism Removal (CPR):    -0.000ns

    Location             Delay type                Incr(ns)  Path(ns)    Netlist Resource(s)
  -------------------------------------------------------------------    -------------------
    N17                                               0.000     0.000 r  rst (IN)
                         net (fo=0)                   0.000     0.000    rst
    N17                  IBUF (Prop_ibuf_I_O)         0.244     0.244 r  rst_IBUF_inst/O
                         net (fo=45, routed)          1.555     1.800    lb/rst_IBUF
    SLICE_X63Y102        FDRE                                         r  lb/col_reg[5]/R
  -------------------------------------------------------------------    -------------------

                         (clock sys_clk_pin rise edge)
                                                      0.000     0.000 r  
    E3                                                0.000     0.000 r  clk (IN)
                         net (fo=0)                   0.000     0.000    clk
    E3                   IBUF (Prop_ibuf_I_O)         0.438     0.438 r  clk_IBUF_inst/O
                         net (fo=1, routed)           0.699     1.136    clk_IBUF
    BUFGCTRL_X0Y16       BUFG (Prop_bufg_I_O)         0.029     1.165 r  clk_IBUF_BUFG_inst/O
                         net (fo=364, routed)         0.833     1.999    lb/clk_IBUF_BUFG
    SLICE_X63Y102        FDRE                                         r  lb/col_reg[5]/C

Slack:                    inf
  Source:                 rst
                            (input port)
  Destination:            lb/col_reg[4]/R
                            (rising edge-triggered cell FDRE clocked by sys_clk_pin  {rise@0.000ns fall@5.000ns period=10.000ns})
  Path Group:             (none)
  Path Type:              Hold (Min at Fast Process Corner)
  Data Path Delay:        1.828ns  (logic 0.244ns (13.370%)  route 1.584ns (86.630%))
  Logic Levels:           1  (IBUF=1)
  Clock Path Skew:        2.000ns (DCD - SCD - CPR)
    Destination Clock Delay (DCD):    2.000ns
    Source Clock Delay      (SCD):    0.000ns
    Clock Pessimism Removal (CPR):    -0.000ns

    Location             Delay type                Incr(ns)  Path(ns)    Netlist Resource(s)
  -------------------------------------------------------------------    -------------------
    N17                                               0.000     0.000 r  rst (IN)
                         net (fo=0)                   0.000     0.000    rst
    N17                  IBUF (Prop_ibuf_I_O)         0.244     0.244 r  rst_IBUF_inst/O
                         net (fo=45, routed)          1.584     1.828    lb/rst_IBUF
    SLICE_X65Y102        FDRE                                         r  lb/col_reg[4]/R
  -------------------------------------------------------------------    -------------------

                         (clock sys_clk_pin rise edge)
                                                      0.000     0.000 r  
    E3                                                0.000     0.000 r  clk (IN)
                         net (fo=0)                   0.000     0.000    clk
    E3                   IBUF (Prop_ibuf_I_O)         0.438     0.438 r  clk_IBUF_inst/O
                         net (fo=1, routed)           0.699     1.136    clk_IBUF
    BUFGCTRL_X0Y16       BUFG (Prop_bufg_I_O)         0.029     1.165 r  clk_IBUF_BUFG_inst/O
                         net (fo=364, routed)         0.835     2.000    lb/clk_IBUF_BUFG
    SLICE_X65Y102        FDRE                                         r  lb/col_reg[4]/C

Slack:                    inf
  Source:                 rst
                            (input port)
  Destination:            vga/x_reg[0]/R
                            (rising edge-triggered cell FDRE clocked by sys_clk_pin  {rise@0.000ns fall@5.000ns period=10.000ns})
  Path Group:             (none)
  Path Type:              Hold (Min at Fast Process Corner)
  Data Path Delay:        1.931ns  (logic 0.244ns (12.662%)  route 1.686ns (87.338%))
  Logic Levels:           1  (IBUF=1)
  Clock Path Skew:        2.000ns (DCD - SCD - CPR)
    Destination Clock Delay (DCD):    2.000ns
    Source Clock Delay      (SCD):    0.000ns
    Clock Pessimism Removal (CPR):    -0.000ns

    Location             Delay type                Incr(ns)  Path(ns)    Netlist Resource(s)
  -------------------------------------------------------------------    -------------------
    N17                                               0.000     0.000 r  rst (IN)
                         net (fo=0)                   0.000     0.000    rst
    N17                  IBUF (Prop_ibuf_I_O)         0.244     0.244 r  rst_IBUF_inst/O
                         net (fo=45, routed)          1.686     1.931    vga/rst_IBUF
    SLICE_X67Y102        FDRE                                         r  vga/x_reg[0]/R
  -------------------------------------------------------------------    -------------------

                         (clock sys_clk_pin rise edge)
                                                      0.000     0.000 r  
    E3                                                0.000     0.000 r  clk (IN)
                         net (fo=0)                   0.000     0.000    clk
    E3                   IBUF (Prop_ibuf_I_O)         0.438     0.438 r  clk_IBUF_inst/O
                         net (fo=1, routed)           0.699     1.136    clk_IBUF
    BUFGCTRL_X0Y16       BUFG (Prop_bufg_I_O)         0.029     1.165 r  clk_IBUF_BUFG_inst/O
                         net (fo=364, routed)         0.835     2.000    vga/clk_IBUF_BUFG
    SLICE_X67Y102        FDRE                                         r  vga/x_reg[0]/C

Slack:                    inf
  Source:                 rst
                            (input port)
  Destination:            vga/x_reg[1]/R
                            (rising edge-triggered cell FDRE clocked by sys_clk_pin  {rise@0.000ns fall@5.000ns period=10.000ns})
  Path Group:             (none)
  Path Type:              Hold (Min at Fast Process Corner)
  Data Path Delay:        1.931ns  (logic 0.244ns (12.662%)  route 1.686ns (87.338%))
  Logic Levels:           1  (IBUF=1)
  Clock Path Skew:        2.000ns (DCD - SCD - CPR)
    Destination Clock Delay (DCD):    2.000ns
    Source Clock Delay      (SCD):    0.000ns
    Clock Pessimism Removal (CPR):    -0.000ns

    Location             Delay type                Incr(ns)  Path(ns)    Netlist Resource(s)
  -------------------------------------------------------------------    -------------------
    N17                                               0.000     0.000 r  rst (IN)
                         net (fo=0)                   0.000     0.000    rst
    N17                  IBUF (Prop_ibuf_I_O)         0.244     0.244 r  rst_IBUF_inst/O
                         net (fo=45, routed)          1.686     1.931    vga/rst_IBUF
    SLICE_X67Y102        FDRE                                         r  vga/x_reg[1]/R
  -------------------------------------------------------------------    -------------------

                         (clock sys_clk_pin rise edge)
                                                      0.000     0.000 r  
    E3                                                0.000     0.000 r  clk (IN)
                         net (fo=0)                   0.000     0.000    clk
    E3                   IBUF (Prop_ibuf_I_O)         0.438     0.438 r  clk_IBUF_inst/O
                         net (fo=1, routed)           0.699     1.136    clk_IBUF
    BUFGCTRL_X0Y16       BUFG (Prop_bufg_I_O)         0.029     1.165 r  clk_IBUF_BUFG_inst/O
                         net (fo=364, routed)         0.835     2.000    vga/clk_IBUF_BUFG
    SLICE_X67Y102        FDRE                                         r  vga/x_reg[1]/C

Slack:                    inf
  Source:                 rst
                            (input port)
  Destination:            vga/x_reg[2]/R
                            (rising edge-triggered cell FDRE clocked by sys_clk_pin  {rise@0.000ns fall@5.000ns period=10.000ns})
  Path Group:             (none)
  Path Type:              Hold (Min at Fast Process Corner)
  Data Path Delay:        1.931ns  (logic 0.244ns (12.662%)  route 1.686ns (87.338%))
  Logic Levels:           1  (IBUF=1)
  Clock Path Skew:        2.000ns (DCD - SCD - CPR)
    Destination Clock Delay (DCD):    2.000ns
    Source Clock Delay      (SCD):    0.000ns
    Clock Pessimism Removal (CPR):    -0.000ns

    Location             Delay type                Incr(ns)  Path(ns)    Netlist Resource(s)
  -------------------------------------------------------------------    -------------------
    N17                                               0.000     0.000 r  rst (IN)
                         net (fo=0)                   0.000     0.000    rst
    N17                  IBUF (Prop_ibuf_I_O)         0.244     0.244 r  rst_IBUF_inst/O
                         net (fo=45, routed)          1.686     1.931    vga/rst_IBUF
    SLICE_X67Y102        FDRE                                         r  vga/x_reg[2]/R
  -------------------------------------------------------------------    -------------------

                         (clock sys_clk_pin rise edge)
                                                      0.000     0.000 r  
    E3                                                0.000     0.000 r  clk (IN)
                         net (fo=0)                   0.000     0.000    clk
    E3                   IBUF (Prop_ibuf_I_O)         0.438     0.438 r  clk_IBUF_inst/O
                         net (fo=1, routed)           0.699     1.136    clk_IBUF
    BUFGCTRL_X0Y16       BUFG (Prop_bufg_I_O)         0.029     1.165 r  clk_IBUF_BUFG_inst/O
                         net (fo=364, routed)         0.835     2.000    vga/clk_IBUF_BUFG
    SLICE_X67Y102        FDRE                                         r  vga/x_reg[2]/C

Slack:                    inf
  Source:                 rst
                            (input port)
  Destination:            vga/x_reg[3]/R
                            (rising edge-triggered cell FDRE clocked by sys_clk_pin  {rise@0.000ns fall@5.000ns period=10.000ns})
  Path Group:             (none)
  Path Type:              Hold (Min at Fast Process Corner)
  Data Path Delay:        1.931ns  (logic 0.244ns (12.662%)  route 1.686ns (87.338%))
  Logic Levels:           1  (IBUF=1)
  Clock Path Skew:        2.000ns (DCD - SCD - CPR)
    Destination Clock Delay (DCD):    2.000ns
    Source Clock Delay      (SCD):    0.000ns
    Clock Pessimism Removal (CPR):    -0.000ns

    Location             Delay type                Incr(ns)  Path(ns)    Netlist Resource(s)
  -------------------------------------------------------------------    -------------------
    N17                                               0.000     0.000 r  rst (IN)
                         net (fo=0)                   0.000     0.000    rst
    N17                  IBUF (Prop_ibuf_I_O)         0.244     0.244 r  rst_IBUF_inst/O
                         net (fo=45, routed)          1.686     1.931    vga/rst_IBUF
    SLICE_X67Y102        FDRE                                         r  vga/x_reg[3]/R
  -------------------------------------------------------------------    -------------------

                         (clock sys_clk_pin rise edge)
                                                      0.000     0.000 r  
    E3                                                0.000     0.000 r  clk (IN)
                         net (fo=0)                   0.000     0.000    clk
    E3                   IBUF (Prop_ibuf_I_O)         0.438     0.438 r  clk_IBUF_inst/O
                         net (fo=1, routed)           0.699     1.136    clk_IBUF
    BUFGCTRL_X0Y16       BUFG (Prop_bufg_I_O)         0.029     1.165 r  clk_IBUF_BUFG_inst/O
                         net (fo=364, routed)         0.835     2.000    vga/clk_IBUF_BUFG
    SLICE_X67Y102        FDRE                                         r  vga/x_reg[3]/C

Slack:                    inf
  Source:                 rst
                            (input port)
  Destination:            vga/x_reg[4]/R
                            (rising edge-triggered cell FDRE clocked by sys_clk_pin  {rise@0.000ns fall@5.000ns period=10.000ns})
  Path Group:             (none)
  Path Type:              Hold (Min at Fast Process Corner)
  Data Path Delay:        1.931ns  (logic 0.244ns (12.662%)  route 1.686ns (87.338%))
  Logic Levels:           1  (IBUF=1)
  Clock Path Skew:        2.000ns (DCD - SCD - CPR)
    Destination Clock Delay (DCD):    2.000ns
    Source Clock Delay      (SCD):    0.000ns
    Clock Pessimism Removal (CPR):    -0.000ns

    Location             Delay type                Incr(ns)  Path(ns)    Netlist Resource(s)
  -------------------------------------------------------------------    -------------------
    N17                                               0.000     0.000 r  rst (IN)
                         net (fo=0)                   0.000     0.000    rst
    N17                  IBUF (Prop_ibuf_I_O)         0.244     0.244 r  rst_IBUF_inst/O
                         net (fo=45, routed)          1.686     1.931    vga/rst_IBUF
    SLICE_X67Y102        FDRE                                         r  vga/x_reg[4]/R
  -------------------------------------------------------------------    -------------------

                         (clock sys_clk_pin rise edge)
                                                      0.000     0.000 r  
    E3                                                0.000     0.000 r  clk (IN)
                         net (fo=0)                   0.000     0.000    clk
    E3                   IBUF (Prop_ibuf_I_O)         0.438     0.438 r  clk_IBUF_inst/O
                         net (fo=1, routed)           0.699     1.136    clk_IBUF
    BUFGCTRL_X0Y16       BUFG (Prop_bufg_I_O)         0.029     1.165 r  clk_IBUF_BUFG_inst/O
                         net (fo=364, routed)         0.835     2.000    vga/clk_IBUF_BUFG
    SLICE_X67Y102        FDRE                                         r  vga/x_reg[4]/C





